feed_rate,kiln_temp,fuel_type,power_kwh_per_ton,fineness,residue,quality
124.97,1429.7,biomass,94.25,316.0,3.47,good
118.62,1445.7,RDF,88.68,348.0,3.66,bad
126.48,1426.2,petcoke,97.43,350.8,5.33,bad
135.23,1440.8,biomass,85.25,351.4,3.24,bad
117.66,1393.2,biomass,84.75,314.4,5.77,bad
117.66,1456.4,coal,98.7,344.6,2.72,bad
135.79,1450.0,biomass,97.54,301.0,4.65,bad
127.67,1425.5,petcoke,94.71,301.9,4.69,bad
115.31,1469.8,coal,88.02,273.0,3.01,bad
125.43,1478.1,coal,91.46,353.5,3.3,bad
115.37,1401.8,petcoke,93.69,302.7,5.34,bad
115.34,1427.1,RDF,87.02,317.5,5.05,bad
122.42,1426.9,biomass,91.3,301.8,3.32,good
100.87,1421.8,coal,98.26,333.9,4.14,good
102.75,1474.9,RDF,102.14,312.5,2.25,good
114.38,1444.2,petcoke,92.9,293.9,2.83,bad
109.87,1442.1,biomass,98.78,328.8,3.94,good
123.14,1389.9,biomass,85.43,291.3,2.34,bad
110.92,1469.1,coal,98.3,303.3,5.37,bad
105.88,1412.8,biomass,90.98,277.9,4.87,bad
134.66,1451.8,biomass,96.54,291.5,5.77,bad
117.74,1458.3,biomass,93.76,323.6,4.77,bad
120.68,1490.8,biomass,101.6,280.7,5.76,bad
105.75,1410.7,petcoke,90.63,290.4,4.22,bad
114.56,1359.4,RDF,98.14,320.0,4.4,bad
121.11,1455.5,petcoke,93.6,309.1,5.91,bad
108.49,1504.0,petcoke,94.21,359.8,4.57,bad
123.76,1487.2,coal,94.08,356.7,2.12,bad
113.99,1456.3,biomass,90.77,302.6,4.9,bad
117.08,1435.3,petcoke,94.93,331.1,5.62,bad
113.98,1474.2,biomass,94.69,335.0,5.18,bad
138.52,1420.8,petcoke,96.21,308.1,4.34,good
119.87,1464.3,petcoke,95.42,290.1,4.69,bad
109.42,1465.2,coal,98.99,319.8,5.96,bad
128.23,1481.8,RDF,99.62,316.5,2.36,bad
107.79,1532.8,RDF,89.75,311.3,4.67,bad
122.09,1461.8,petcoke,99.34,328.8,3.13,good
100.4,1434.7,coal,89.07,305.0,4.56,bad
106.72,1449.2,biomass,97.94,297.0,4.43,bad
121.97,1396.9,biomass,98.1,322.2,2.61,bad
127.38,1429.2,petcoke,85.44,327.7,2.83,good
121.71,1437.7,RDF,95.46,296.5,4.49,bad
118.84,1434.3,coal,92.66,338.6,2.51,good
116.99,1454.6,RDF,91.21,284.6,3.06,bad
105.21,1425.3,biomass,101.75,308.4,5.34,bad
112.8,1483.6,RDF,91.73,314.8,3.31,bad
115.39,1450.0,biomass,90.97,307.3,3.95,good
130.57,1449.7,coal,95.38,308.7,5.76,bad
123.44,1440.2,coal,98.43,357.4,2.91,bad
102.37,1454.7,petcoke,94.29,303.0,3.56,good
123.24,1474.8,petcoke,100.83,368.8,4.43,bad
116.15,1424.0,RDF,97.65,328.7,5.02,bad
113.23,1430.3,coal,84.11,321.8,5.61,bad
126.12,1440.9,coal,92.35,329.5,5.66,bad
130.31,1409.6,petcoke,92.19,370.6,5.11,bad
129.31,1425.4,biomass,97.4,300.1,2.91,good
111.61,1435.7,RDF,81.88,297.6,2.1,bad
116.91,1476.2,RDF,107.75,304.9,3.54,good
123.31,1457.9,petcoke,97.66,320.6,2.57,good
129.76,1455.8,coal,95.74,285.5,4.84,bad
115.21,1475.5,petcoke,100.91,320.4,4.64,bad
118.14,1445.9,petcoke,106.72,353.9,2.18,bad
108.94,1461.7,petcoke,99.35,323.0,5.35,bad
108.04,1446.9,petcoke,99.74,314.1,2.99,good
128.13,1458.0,biomass,95.65,307.6,3.73,good
133.56,1432.5,biomass,94.29,338.0,4.67,bad
119.28,1376.8,coal,92.62,303.5,3.72,bad
130.04,1446.0,petcoke,90.87,356.9,3.77,bad
123.62,1492.7,biomass,91.56,358.7,2.26,bad
113.55,1477.8,coal,88.25,325.1,3.61,good
123.61,1479.0,petcoke,94.62,319.8,5.06,bad
135.38,1487.1,RDF,86.58,340.6,5.66,bad
119.64,1452.7,biomass,95.95,341.9,3.65,bad
135.65,1455.9,coal,94.82,303.9,3.69,good
93.8,1431.5,RDF,95.73,309.5,4.81,bad
128.22,1440.5,petcoke,92.39,293.6,5.77,bad
120.87,1468.5,petcoke,110.38,328.2,3.07,good
117.01,1486.1,petcoke,101.8,333.3,3.76,bad
120.92,1445.8,biomass,88.78,293.0,5.18,bad
100.12,1436.5,coal,96.16,310.9,4.44,good
117.8,1450.0,RDF,91.96,293.1,2.44,bad
123.57,1468.0,coal,89.93,302.0,4.51,bad
134.78,1406.7,biomass,88.3,331.0,2.75,bad
114.82,1381.1,coal,97.16,305.3,4.04,bad
111.92,1433.5,biomass,91.59,314.0,4.12,good
114.98,1413.4,petcoke,99.84,287.5,5.5,bad
129.15,1434.8,RDF,99.97,323.7,3.85,good
123.29,1445.6,petcoke,101.87,319.1,3.12,good
114.7,1436.4,coal,90.74,305.4,2.92,good
125.13,1493.6,petcoke,97.38,316.2,5.5,bad
120.97,1459.8,RDF,98.16,323.6,2.68,good
129.69,1459.0,petcoke,92.63,303.7,3.7,good
112.98,1468.7,RDF,91.14,290.5,2.75,bad
116.72,1415.8,RDF,103.05,356.1,5.09,bad
116.08,1481.2,petcoke,96.14,307.3,3.9,bad
105.36,1447.7,biomass,98.18,318.1,3.4,good
122.96,1470.1,coal,90.89,340.2,3.44,bad
122.61,1417.8,biomass,88.9,390.6,5.41,bad
120.05,1403.4,biomass,92.15,295.1,4.22,bad
117.65,1474.5,petcoke,94.38,329.0,4.87,bad
105.85,1461.3,coal,89.68,305.8,5.59,bad
115.79,1422.9,coal,94.95,309.2,5.61,bad
116.57,1423.9,biomass,86.56,305.6,3.31,good
111.98,1483.8,petcoke,89.4,297.5,5.81,bad
118.39,1414.3,coal,98.35,319.2,2.1,bad
124.04,1499.3,biomass,98.02,290.5,3.51,bad
138.86,1423.0,coal,93.04,338.9,5.58,bad
121.75,1469.2,petcoke,89.91,321.1,3.1,good
122.58,1440.1,petcoke,89.86,328.4,3.09,good
119.26,1468.1,petcoke,93.13,310.7,3.21,good
100.81,1433.7,coal,98.22,312.7,4.45,good
119.73,1445.1,RDF,99.64,325.8,3.75,good
120.6,1451.2,coal,92.52,296.7,4.91,bad
144.63,1419.9,RDF,89.23,312.8,5.58,bad
118.08,1472.2,petcoke,96.34,302.8,4.7,bad
123.02,1434.6,biomass,90.88,302.2,2.82,good
119.65,1443.1,RDF,92.41,277.8,5.73,bad
108.31,1420.2,petcoke,101.63,346.8,3.06,bad
131.43,1373.1,petcoke,99.14,306.3,2.6,bad
127.52,1444.3,RDF,95.79,343.3,2.36,bad
127.91,1522.4,biomass,88.64,341.4,4.25,bad
110.91,1473.5,petcoke,96.06,294.3,2.46,bad
134.03,1449.4,RDF,100.31,298.2,2.56,bad
105.98,1442.1,biomass,93.12,371.2,3.2,bad
125.87,1450.7,biomass,101.76,355.0,3.13,bad
141.9,1466.4,petcoke,101.46,319.4,4.42,good
110.09,1414.6,coal,103.32,325.1,5.27,bad
114.34,1483.4,coal,96.53,307.4,5.05,bad
121.0,1471.5,petcoke,97.94,328.6,3.05,good
114.97,1471.5,biomass,102.07,305.7,2.98,good
104.49,1463.2,petcoke,97.24,279.4,5.86,bad
120.69,1450.6,RDF,92.49,293.6,2.03,bad
109.38,1470.2,coal,92.76,320.4,5.52,bad
124.74,1467.8,RDF,96.19,297.4,2.8,bad
110.81,1439.4,petcoke,88.55,318.7,5.79,bad
135.5,1432.8,petcoke,94.28,298.5,3.37,bad
112.17,1453.1,biomass,100.48,304.4,3.76,good
116.78,1496.5,biomass,84.04,337.1,4.83,bad
128.14,1412.8,biomass,102.67,324.9,4.35,bad
107.69,1406.0,RDF,100.61,319.8,3.27,bad
122.27,1454.9,biomass,92.7,337.6,4.22,good
133.07,1451.5,petcoke,97.72,329.6,4.92,bad
103.93,1455.2,biomass,95.02,348.9,2.17,bad
121.85,1457.3,coal,101.15,310.8,2.04,good
122.6,1443.3,biomass,99.91,311.4,3.83,good
127.82,1494.7,RDF,88.0,294.0,2.53,bad
107.63,1402.0,coal,97.94,311.4,4.66,bad
106.8,1425.1,coal,93.97,339.3,2.86,good
125.22,1446.9,coal,95.41,346.0,3.73,bad
122.97,1400.7,RDF,91.36,339.2,2.79,bad
122.5,1444.7,petcoke,103.74,284.1,4.19,bad
123.46,1499.8,biomass,100.2,341.7,2.46,bad
113.2,1450.6,coal,91.3,283.2,2.09,bad
122.32,1456.9,coal,88.33,338.0,2.2,good
122.93,1412.2,coal,93.07,312.6,5.82,bad
112.86,1431.5,petcoke,97.17,334.1,2.57,good
138.66,1438.7,petcoke,96.2,293.4,4.83,bad
124.74,1440.5,RDF,101.27,343.4,2.27,bad
108.09,1488.4,petcoke,98.95,290.7,2.43,bad
126.57,1466.7,biomass,99.85,306.6,4.04,good
110.25,1416.7,RDF,96.63,300.0,3.86,bad
127.87,1457.4,RDF,88.05,284.9,5.81,bad
131.59,1464.9,biomass,94.02,321.9,5.78,bad
111.79,1484.2,biomass,100.3,356.1,5.12,bad
129.63,1497.4,biomass,94.74,373.3,4.41,bad
124.13,1419.5,RDF,97.52,321.9,3.82,bad
128.22,1425.7,RDF,93.41,342.3,3.42,bad
138.97,1412.3,RDF,89.85,324.6,5.79,bad
117.55,1443.0,biomass,94.38,330.0,4.41,good
112.46,1464.0,biomass,96.55,313.2,4.32,good
111.1,1479.6,coal,91.72,323.9,2.93,good
111.84,1447.7,petcoke,93.82,330.7,2.19,good
119.23,1440.4,coal,90.3,308.4,5.78,bad
123.41,1454.6,biomass,100.6,318.5,3.25,good
122.77,1424.9,RDF,93.53,318.8,3.77,good
128.27,1512.7,biomass,102.26,336.5,2.46,bad
120.13,1401.8,petcoke,102.64,298.7,5.35,bad
134.54,1455.5,coal,94.59,319.0,2.11,good
117.35,1510.7,coal,89.96,358.2,5.34,bad
147.2,1450.2,RDF,84.57,343.3,2.56,bad
126.26,1444.3,coal,87.64,347.0,5.55,bad
111.43,1439.3,coal,88.13,320.5,4.92,bad
109.29,1444.6,biomass,101.89,326.4,2.66,good
124.82,1491.2,coal,95.58,340.0,4.26,bad
117.77,1383.6,coal,96.95,351.2,3.25,bad
127.14,1496.0,coal,83.9,281.0,2.71,bad
124.73,1407.3,RDF,89.01,293.7,5.44,bad
119.27,1442.0,RDF,99.44,346.2,3.61,bad
111.53,1437.1,biomass,96.43,314.5,3.59,good
104.85,1467.7,coal,94.26,306.6,2.68,good
115.53,1402.1,RDF,97.82,294.9,3.53,bad
128.56,1463.9,RDF,103.18,308.9,5.49,bad
122.14,1510.7,biomass,93.89,292.0,3.45,bad
107.54,1409.1,petcoke,95.35,361.8,5.81,bad
121.73,1455.7,coal,95.96,319.6,5.79,bad
123.85,1430.1,RDF,106.96,318.8,2.58,good
111.16,1462.8,biomass,84.5,331.8,2.71,good
121.54,1450.6,biomass,98.42,339.2,5.45,bad
120.58,1430.8,biomass,94.43,338.9,3.57,good
108.57,1464.6,RDF,97.83,341.5,2.02,bad
123.58,1504.1,coal,91.71,307.4,3.1,bad
125.61,1444.3,petcoke,94.76,314.0,4.39,good
130.83,1471.6,coal,98.56,335.4,5.2,bad
130.54,1411.2,biomass,110.56,309.5,2.53,bad
106.22,1421.3,biomass,99.04,319.9,2.44,good
110.62,1464.2,petcoke,90.76,328.0,5.69,bad
125.15,1494.5,coal,92.88,335.7,5.0,bad
125.14,1460.7,biomass,92.73,284.4,4.36,bad
125.15,1440.6,biomass,86.02,334.3,5.08,bad
158.53,1450.0,coal,93.35,315.3,3.72,good
125.71,1412.5,biomass,98.66,334.1,5.03,bad
131.36,1468.1,coal,88.63,335.5,3.49,good
129.54,1476.5,biomass,100.24,352.2,2.98,bad
126.51,1436.4,coal,97.44,347.1,4.92,bad
116.85,1435.9,petcoke,91.33,346.9,3.68,bad
127.59,1458.0,biomass,94.29,348.9,5.93,bad
112.27,1436.9,petcoke,102.99,325.8,3.4,good
117.63,1448.0,biomass,98.67,320.6,5.69,bad
115.15,1513.0,biomass,95.04,337.5,5.73,bad
120.82,1442.6,RDF,93.81,334.6,2.97,good
143.15,1439.2,coal,95.38,313.8,5.19,bad
101.33,1430.6,petcoke,92.44,328.1,3.73,good
126.86,1472.3,petcoke,84.48,319.3,5.67,bad
103.87,1444.6,petcoke,105.21,302.9,3.8,good
115.28,1430.5,coal,95.78,345.8,4.98,bad
130.89,1489.6,RDF,96.99,321.1,3.87,bad
120.64,1492.6,petcoke,94.71,361.0,2.91,bad
109.22,1432.0,coal,91.32,287.5,2.8,bad
112.85,1394.0,biomass,94.07,308.9,3.7,bad
126.8,1480.2,petcoke,87.0,320.7,5.02,bad
112.7,1429.5,petcoke,106.39,342.7,4.42,bad
122.16,1473.7,RDF,88.83,328.0,4.75,bad
120.46,1390.9,petcoke,89.84,326.2,3.13,bad
113.48,1476.8,petcoke,92.8,297.5,3.93,bad
141.44,1413.7,biomass,101.44,296.9,2.18,bad
126.34,1471.9,coal,95.07,326.5,5.27,bad
99.75,1450.4,coal,88.82,292.7,5.96,bad
121.86,1421.4,RDF,101.27,309.4,3.63,good
113.38,1437.8,biomass,98.66,330.0,2.04,good
128.52,1470.6,coal,97.69,300.4,2.68,good
112.07,1453.2,biomass,98.58,352.1,4.61,bad
118.85,1467.5,coal,106.97,344.5,4.45,bad
125.05,1509.3,biomass,105.93,288.6,5.15,bad
128.66,1403.1,RDF,91.57,301.4,3.02,bad
108.0,1498.5,petcoke,103.12,274.3,5.05,bad
116.65,1453.1,RDF,96.92,304.3,4.75,bad
115.25,1423.0,coal,97.5,335.3,3.29,good
113.47,1410.1,RDF,86.54,311.7,4.18,bad
137.65,1444.3,petcoke,94.15,329.2,2.59,good
124.05,1477.6,RDF,90.94,289.6,3.81,bad
107.39,1446.2,coal,99.14,336.0,5.52,bad
129.18,1495.3,coal,100.36,308.9,3.68,bad
141.22,1406.5,RDF,84.63,320.2,5.36,bad
130.32,1449.6,petcoke,94.89,318.1,4.36,good
104.81,1412.4,RDF,100.61,294.6,2.77,bad
115.16,1460.9,petcoke,94.07,296.9,4.32,bad
132.67,1476.6,biomass,98.65,339.4,4.02,good
112.92,1437.4,petcoke,96.76,328.0,3.59,good
124.44,1371.9,biomass,96.71,341.0,2.48,bad
127.75,1456.0,RDF,93.64,326.5,3.67,good
110.73,1463.1,petcoke,88.92,322.9,2.29,good
119.4,1462.1,biomass,89.39,285.5,2.4,bad
87.59,1487.1,biomass,98.55,314.6,3.66,bad
109.76,1417.9,biomass,95.1,319.5,3.22,bad
117.47,1470.4,coal,94.31,359.1,5.7,bad
107.52,1485.8,RDF,92.88,333.7,3.5,bad
136.32,1396.6,biomass,93.47,350.7,5.03,bad
105.7,1459.6,petcoke,100.23,332.0,4.12,good
115.6,1434.9,biomass,93.32,305.8,4.82,bad
121.31,1447.6,coal,88.29,322.3,3.04,good
134.41,1460.4,RDF,98.72,324.7,5.77,bad
105.64,1435.4,coal,93.98,301.2,4.12,good
131.63,1429.7,coal,95.16,312.3,5.33,bad
120.1,1451.0,coal,103.04,315.9,3.46,good
110.18,1417.4,petcoke,94.9,352.1,2.4,bad
124.62,1417.4,RDF,96.45,278.4,4.69,bad
121.99,1470.4,RDF,89.11,344.1,2.03,bad
114.0,1415.5,petcoke,93.9,301.3,3.9,bad
120.7,1470.0,RDF,98.05,292.6,2.77,bad
116.15,1463.9,coal,87.22,343.6,4.51,bad
121.14,1398.2,RDF,96.0,334.6,5.92,bad
126.62,1429.7,petcoke,95.5,345.1,3.86,bad
135.86,1485.8,coal,95.21,336.0,5.27,bad
107.62,1420.6,petcoke,100.19,361.2,4.03,bad
141.33,1436.1,biomass,96.67,331.2,3.98,good
100.48,1463.9,coal,102.39,316.9,5.72,bad
118.48,1473.5,coal,90.03,326.9,5.56,bad
125.88,1442.5,RDF,95.68,344.9,5.14,bad
122.81,1432.1,coal,95.42,304.4,3.19,good
113.77,1492.7,petcoke,89.65,307.0,4.18,bad
117.92,1502.2,RDF,99.78,313.8,2.9,bad
115.07,1479.4,biomass,106.62,277.9,3.78,bad
114.11,1452.6,petcoke,94.91,322.8,3.94,good
128.5,1425.8,biomass,97.53,282.3,5.33,bad
123.57,1425.1,biomass,95.42,321.1,5.58,bad
113.07,1465.7,biomass,91.43,337.3,3.66,good
129.0,1462.6,coal,85.9,310.5,2.07,good
123.07,1492.0,petcoke,91.47,353.5,5.45,bad
128.13,1469.5,petcoke,88.04,290.8,2.7,bad
126.3,1404.9,coal,103.52,343.8,4.49,bad
111.71,1481.6,RDF,94.42,333.5,2.1,bad
114.4,1420.1,biomass,93.27,285.7,3.6,bad
127.47,1438.5,petcoke,99.45,374.2,5.94,bad
126.1,1457.5,coal,89.39,318.7,2.4,good
119.79,1509.9,biomass,91.17,302.5,3.69,bad
121.17,1543.3,RDF,95.34,291.9,3.23,bad
132.78,1468.2,RDF,100.14,315.6,5.62,bad
114.08,1444.5,biomass,97.51,317.5,5.48,bad
125.47,1466.0,RDF,96.24,322.1,2.95,good
117.98,1476.6,petcoke,95.39,314.0,2.32,good
117.82,1440.4,petcoke,97.0,332.7,4.51,bad
130.99,1503.9,petcoke,96.01,312.2,3.35,bad
128.25,1456.9,RDF,89.85,281.3,4.69,bad
128.14,1464.9,petcoke,95.23,317.0,2.13,good
133.05,1470.0,coal,89.63,272.7,2.53,bad
120.21,1462.6,petcoke,95.41,327.1,4.75,bad
126.82,1475.2,petcoke,92.6,300.4,2.85,good
116.9,1431.5,RDF,107.7,323.3,5.43,bad
123.24,1433.3,petcoke,94.8,346.3,2.23,bad
118.7,1417.0,biomass,87.98,301.0,2.86,bad
120.97,1463.2,coal,94.33,341.2,5.99,bad
125.95,1473.4,RDF,97.6,311.3,3.73,good
111.82,1463.7,coal,103.37,355.1,4.81,bad
140.92,1500.2,biomass,92.05,312.7,2.73,bad
109.94,1449.8,RDF,87.09,303.2,4.44,good
107.86,1470.1,RDF,99.08,333.7,4.9,bad
131.58,1417.2,petcoke,88.1,311.3,3.26,bad
127.92,1438.4,coal,92.82,303.2,5.32,bad
126.24,1470.9,biomass,93.71,310.4,4.41,good
126.28,1475.5,biomass,94.65,319.1,3.56,good
119.88,1441.2,RDF,98.45,346.8,4.23,bad
111.03,1447.9,petcoke,91.58,281.3,4.31,bad
120.76,1404.5,RDF,93.63,320.5,2.66,bad
113.23,1439.3,RDF,94.93,332.5,3.61,good
129.75,1476.7,RDF,95.75,323.9,3.37,good
118.53,1467.3,RDF,95.49,346.2,3.6,bad
111.75,1465.0,biomass,97.18,318.5,5.04,bad
116.79,1451.5,biomass,99.22,316.3,3.93,good
124.13,1450.2,RDF,96.96,331.8,5.76,bad
114.36,1430.2,RDF,97.27,322.0,3.17,good
111.78,1471.0,petcoke,87.09,312.2,3.66,good
122.44,1462.6,RDF,95.25,330.3,5.15,bad
122.45,1464.8,biomass,97.4,306.9,4.18,good
114.93,1434.2,coal,98.64,307.8,4.19,good
115.29,1385.4,biomass,91.54,309.4,2.21,bad
122.32,1482.9,petcoke,91.7,347.1,3.59,bad
105.52,1435.6,biomass,92.13,255.6,3.08,bad
105.93,1424.1,coal,97.68,327.9,6.0,bad
112.82,1470.8,RDF,100.17,320.7,3.23,good
117.87,1438.2,coal,92.96,286.4,5.54,bad
123.11,1481.8,RDF,99.54,326.2,4.7,bad
134.75,1468.5,RDF,95.62,329.5,3.36,good
128.58,1470.5,biomass,94.38,331.8,4.17,good
118.4,1409.0,biomass,93.94,267.0,5.36,bad
119.81,1486.4,biomass,98.73,347.3,5.53,bad
109.97,1457.8,petcoke,96.63,305.2,2.64,good
119.81,1438.9,biomass,106.38,333.7,3.36,good
117.11,1454.3,petcoke,90.74,334.8,3.34,good
123.23,1396.7,biomass,97.59,302.5,2.17,bad
111.73,1462.3,RDF,92.35,333.2,4.39,good
125.19,1419.1,petcoke,90.65,312.3,5.42,bad
135.33,1409.4,coal,94.95,278.6,3.53,bad
118.91,1404.3,petcoke,95.69,343.4,4.96,bad
124.02,1483.4,petcoke,109.59,304.5,4.51,bad
126.9,1431.1,coal,94.08,302.9,3.5,good
115.99,1496.0,petcoke,89.35,311.9,2.56,bad
122.24,1433.9,RDF,96.37,325.4,4.84,bad
120.13,1398.8,biomass,84.63,318.9,5.42,bad
120.98,1416.5,coal,94.54,331.0,4.74,bad
112.27,1487.1,biomass,95.08,293.2,2.07,bad
120.25,1445.3,RDF,98.97,305.2,2.86,good
124.98,1433.6,coal,99.87,317.7,2.28,good
134.51,1454.8,biomass,92.48,358.0,4.28,bad
129.59,1465.1,biomass,94.25,317.7,5.03,bad
141.53,1483.5,RDF,91.17,341.7,2.44,bad
112.33,1493.5,biomass,89.36,320.8,5.35,bad
128.72,1439.2,RDF,96.55,310.3,4.22,good
121.83,1410.2,petcoke,88.63,315.1,4.76,bad
141.9,1437.6,RDF,92.93,316.6,5.89,bad
111.92,1457.8,petcoke,90.02,332.1,2.33,good
111.6,1421.1,coal,97.75,347.5,5.6,bad
114.01,1421.3,biomass,104.01,327.2,2.5,good
98.76,1460.3,RDF,88.49,343.7,3.57,bad
114.74,1448.5,RDF,85.73,300.7,5.41,bad
112.41,1451.0,biomass,94.38,311.7,5.63,bad
121.5,1427.2,biomass,95.08,305.5,4.03,good
123.42,1443.1,coal,96.09,326.3,4.38,good
138.76,1422.3,coal,92.77,312.8,4.83,bad
129.5,1476.7,RDF,94.0,334.6,5.33,bad
114.23,1481.1,coal,96.84,301.4,2.49,bad
111.02,1394.6,petcoke,100.2,320.9,5.24,bad
124.92,1422.1,coal,85.22,333.7,3.93,good
106.8,1405.1,coal,93.16,278.7,3.8,bad
138.31,1430.5,RDF,96.07,362.4,3.7,bad
131.79,1447.5,petcoke,90.41,314.3,4.04,good
115.31,1406.5,coal,103.66,279.5,5.78,bad
102.87,1422.3,petcoke,91.82,323.2,4.19,good
133.54,1419.9,petcoke,94.79,320.7,5.81,bad
118.85,1456.2,petcoke,97.78,318.4,2.72,good
132.38,1452.1,biomass,92.04,339.8,4.9,bad
104.06,1428.3,biomass,85.77,334.9,5.25,bad
114.01,1455.3,biomass,92.86,326.0,4.72,bad
120.05,1433.6,biomass,100.15,329.0,4.43,good
120.47,1441.9,RDF,93.32,317.9,4.26,good
115.5,1500.2,coal,90.77,355.5,5.44,bad
126.23,1490.2,biomass,99.63,290.4,5.29,bad
109.32,1411.0,RDF,93.35,322.8,2.49,bad
118.58,1474.9,coal,92.45,321.3,5.39,bad
121.2,1474.3,biomass,95.75,336.3,3.66,good
125.14,1415.6,coal,98.85,303.1,3.01,bad
127.12,1474.6,biomass,106.91,285.1,5.48,bad
108.75,1496.1,RDF,99.14,323.1,3.73,bad
104.66,1416.3,petcoke,100.8,325.6,5.23,bad
132.78,1422.5,petcoke,92.47,349.8,3.05,bad
123.32,1480.5,coal,89.87,294.6,2.02,bad
112.52,1458.1,RDF,95.31,343.1,3.98,bad
135.51,1466.5,petcoke,95.54,367.3,2.4,bad
121.16,1460.2,biomass,89.61,312.4,5.02,bad
131.79,1461.7,petcoke,94.12,294.2,3.1,bad
120.68,1410.2,coal,97.0,311.9,3.77,bad
140.61,1481.4,coal,96.8,320.3,2.35,bad
137.55,1485.1,RDF,97.52,331.3,3.15,bad
117.51,1443.1,coal,96.45,308.2,5.13,bad
129.72,1448.7,petcoke,92.46,351.1,2.61,bad
126.45,1404.1,petcoke,92.43,297.7,4.59,bad
133.69,1465.4,petcoke,89.01,285.2,5.67,bad
110.35,1467.2,petcoke,103.92,342.1,4.72,bad
126.86,1448.1,RDF,95.07,274.5,5.24,bad
130.58,1483.7,biomass,93.88,315.9,2.44,bad
102.41,1440.0,biomass,90.36,382.4,3.0,bad
108.17,1466.9,RDF,109.68,319.8,5.58,bad
99.61,1419.4,coal,89.63,297.6,4.86,bad
117.31,1449.3,biomass,92.86,318.9,4.56,bad
127.18,1444.8,coal,97.08,319.0,4.66,bad
135.02,1456.8,biomass,98.0,323.2,3.66,good
120.74,1438.9,coal,99.79,333.2,2.18,good
136.29,1446.1,RDF,104.04,299.2,5.14,bad
106.2,1474.8,petcoke,97.53,353.8,4.71,bad
102.97,1436.9,coal,89.72,324.9,3.89,good
119.44,1401.8,petcoke,93.72,334.5,5.6,bad
123.84,1502.5,coal,96.54,307.4,3.34,bad
119.67,1491.4,coal,105.34,345.7,3.18,bad
99.33,1411.2,coal,88.01,314.9,5.49,bad
119.11,1470.7,coal,101.01,325.6,5.19,bad
106.96,1434.9,coal,95.9,301.3,4.06,good
126.7,1457.9,petcoke,99.19,300.1,2.52,good
123.67,1458.8,coal,94.49,333.8,2.86,good
110.6,1443.0,petcoke,90.79,311.1,4.62,bad
114.86,1426.5,RDF,98.75,302.9,3.54,good
109.41,1429.3,biomass,98.27,307.1,5.35,bad
119.37,1422.5,coal,99.86,334.0,5.8,bad
129.55,1425.0,biomass,94.93,307.4,5.22,bad
110.14,1448.0,petcoke,92.0,317.6,3.51,good
125.04,1428.5,RDF,87.21,320.3,5.15,bad
114.7,1470.5,RDF,99.1,281.7,3.41,bad
112.07,1494.6,RDF,97.12,290.6,2.67,bad
118.93,1432.6,biomass,90.17,326.7,2.13,good
109.65,1457.2,petcoke,92.31,305.3,3.54,good
114.46,1465.0,coal,92.67,341.1,5.61,bad
108.02,1464.2,coal,87.59,339.3,2.96,good
139.65,1452.3,petcoke,90.91,334.4,2.83,good
120.35,1472.3,biomass,89.33,356.4,5.88,bad
113.0,1464.5,coal,92.94,318.3,2.1,good
122.14,1412.9,petcoke,91.31,333.0,5.14,bad
118.88,1476.1,coal,86.86,308.3,3.29,good
117.79,1476.6,RDF,105.11,369.0,2.15,bad
126.14,1427.1,coal,101.26,359.7,5.67,bad
127.58,1451.1,biomass,91.1,320.2,2.56,good
114.69,1470.5,petcoke,96.36,327.7,4.21,good
114.24,1443.7,biomass,97.09,347.2,3.1,bad
117.25,1482.2,petcoke,100.96,317.1,2.26,bad
96.98,1520.9,RDF,90.91,306.9,2.2,bad
104.85,1426.4,petcoke,100.46,337.5,2.46,good
133.67,1408.6,coal,92.26,321.6,2.29,bad
136.45,1459.1,coal,88.32,323.7,5.04,bad
117.51,1471.6,RDF,98.62,303.3,3.94,good
125.77,1443.1,petcoke,101.45,285.6,3.37,bad
123.11,1493.6,RDF,107.94,324.7,3.67,bad
150.79,1409.8,coal,89.0,338.1,5.72,bad
131.2,1470.8,biomass,98.49,315.5,5.64,bad
118.72,1431.8,RDF,92.95,348.7,4.86,bad
110.44,1501.6,biomass,98.92,305.9,5.54,bad
103.94,1509.8,biomass,87.65,298.9,3.28,bad
122.03,1427.0,petcoke,88.69,318.7,3.52,good
112.44,1433.5,RDF,91.12,318.3,4.45,good
105.78,1475.8,biomass,95.39,335.4,4.49,good
113.53,1438.4,biomass,91.79,304.5,3.93,good
109.18,1448.6,petcoke,98.3,347.4,3.6,bad
136.87,1450.8,petcoke,100.13,359.3,5.94,bad
128.82,1392.4,coal,98.0,319.2,5.28,bad
119.92,1449.6,biomass,103.09,345.0,3.74,bad
134.8,1429.3,coal,97.08,298.9,4.91,bad
120.77,1435.2,biomass,88.92,341.5,3.08,bad
111.39,1493.3,coal,101.82,340.9,2.4,bad
135.23,1412.3,petcoke,91.97,337.3,3.41,bad
125.39,1474.4,RDF,99.55,319.7,3.61,good
109.63,1441.6,petcoke,102.87,260.9,2.07,bad
118.1,1441.6,coal,97.28,307.2,5.26,bad
111.24,1473.7,coal,87.52,307.5,3.44,good
106.17,1460.2,RDF,90.41,300.4,4.32,good
129.26,1467.1,biomass,101.61,322.4,2.3,good
139.09,1479.0,coal,94.15,311.6,2.7,good
106.01,1440.1,coal,95.4,303.5,5.56,bad
125.63,1431.6,coal,98.79,298.8,4.43,bad
113.49,1417.4,RDF,98.48,305.7,5.8,bad
115.13,1425.2,petcoke,96.39,342.4,6.0,bad
114.08,1538.5,coal,93.96,306.8,3.49,bad
111.36,1487.3,RDF,93.44,309.7,3.2,bad
120.49,1409.5,coal,99.29,310.9,5.43,bad
111.69,1410.3,biomass,97.77,326.8,5.99,bad
122.7,1464.5,RDF,93.71,329.1,4.52,bad
119.5,1466.4,coal,100.41,259.1,5.18,bad
117.61,1466.5,RDF,94.35,340.4,5.13,bad
110.92,1442.4,coal,90.74,348.7,3.42,bad
114.23,1446.2,petcoke,91.21,299.0,4.3,bad
127.55,1459.8,coal,90.11,300.6,5.33,bad
125.01,1452.6,RDF,93.64,311.0,4.75,bad
110.22,1383.4,biomass,101.17,304.9,2.08,bad
120.99,1443.1,biomass,90.97,324.5,3.35,good
127.51,1424.5,biomass,95.94,281.1,2.58,bad
103.31,1455.3,coal,91.72,297.6,2.93,bad
125.43,1539.6,petcoke,93.7,350.8,5.62,bad
113.37,1461.0,coal,87.45,301.4,2.15,good
125.71,1440.6,biomass,93.9,344.9,2.88,bad
112.37,1477.7,RDF,94.03,327.1,3.24,good
101.95,1464.5,biomass,97.7,283.8,4.47,bad
103.72,1462.6,RDF,96.12,332.7,4.14,good
120.48,1468.2,petcoke,89.01,317.6,2.87,good
122.6,1511.7,RDF,100.42,310.9,2.66,bad
110.96,1416.1,coal,96.05,324.9,2.95,bad
126.39,1464.2,coal,95.99,329.5,4.01,good
103.38,1422.2,coal,94.95,334.2,3.08,good
119.34,1466.7,RDF,92.41,343.6,5.79,bad
107.89,1422.4,coal,96.09,328.2,3.86,good
113.48,1437.5,coal,97.38,292.5,2.24,bad
120.47,1441.1,coal,86.27,310.5,4.92,bad
111.4,1479.3,petcoke,92.31,378.9,3.32,bad
116.15,1477.6,RDF,93.73,334.5,4.61,bad
130.06,1412.6,RDF,96.28,367.4,3.12,bad
114.23,1451.6,biomass,100.97,347.9,4.28,bad
128.36,1428.7,RDF,91.14,324.8,5.09,bad
108.7,1412.2,petcoke,92.51,326.0,5.71,bad
125.3,1443.5,RDF,92.44,319.3,3.04,good
134.42,1440.7,petcoke,90.99,285.2,3.34,bad
95.28,1522.8,petcoke,93.26,320.4,3.86,bad
112.03,1463.0,RDF,98.85,344.2,5.71,bad
125.77,1408.7,biomass,89.73,308.0,5.61,bad
117.97,1433.1,coal,97.14,328.2,2.36,good
123.71,1480.6,coal,86.49,337.0,2.53,bad
113.96,1512.7,RDF,92.19,301.8,3.98,bad
120.87,1402.4,RDF,93.35,311.0,2.43,bad
118.44,1393.6,petcoke,103.37,299.6,3.38,bad
131.68,1506.1,RDF,93.63,303.6,2.59,bad
122.54,1461.7,petcoke,83.99,294.2,4.54,bad
123.38,1424.0,biomass,85.01,302.0,5.8,bad
115.88,1466.0,RDF,95.17,348.4,5.99,bad
115.12,1370.9,coal,98.07,301.7,3.5,bad
115.67,1450.1,coal,96.88,322.5,4.4,good
123.94,1459.8,RDF,95.84,309.9,5.43,bad
115.79,1477.7,petcoke,100.81,343.6,2.47,bad
122.9,1419.6,coal,92.3,346.2,4.76,bad
140.75,1452.6,petcoke,99.47,337.3,3.64,good
128.71,1422.2,RDF,86.84,326.1,2.82,good
116.74,1457.7,RDF,90.48,315.4,3.61,good
132.01,1423.1,coal,85.96,296.2,2.3,bad
115.92,1437.8,RDF,93.63,358.9,4.78,bad
99.62,1420.1,biomass,94.77,304.8,3.01,good
109.92,1469.5,biomass,95.57,333.3,3.25,good
101.29,1475.8,coal,95.31,341.2,2.48,bad
116.48,1443.0,biomass,90.36,308.9,5.46,bad
120.18,1451.1,petcoke,94.05,340.8,3.97,bad
136.76,1406.5,coal,87.51,335.3,4.29,bad
123.27,1441.0,coal,101.82,354.6,4.28,bad
117.81,1448.5,petcoke,93.48,310.6,3.64,good
128.29,1528.6,biomass,92.56,294.3,2.77,bad
97.89,1416.6,biomass,102.94,309.9,4.98,bad
122.36,1493.9,biomass,88.79,324.2,2.51,bad
127.71,1479.9,coal,89.37,321.2,2.42,good
105.21,1458.4,coal,89.52,312.1,4.84,bad
131.44,1502.8,biomass,94.66,281.8,2.84,bad
123.38,1461.2,RDF,97.16,329.4,3.23,good
115.85,1461.7,biomass,98.7,359.4,3.9,bad
126.33,1448.4,petcoke,107.86,329.3,3.8,good
142.71,1486.7,coal,83.75,332.2,4.83,bad
121.82,1482.9,petcoke,98.04,331.4,4.49,bad
122.48,1431.2,petcoke,92.21,327.9,4.58,bad
115.41,1410.4,coal,92.07,338.6,4.86,bad
111.5,1443.9,RDF,91.9,327.9,3.17,good
128.3,1426.0,biomass,90.46,313.7,3.29,good
111.44,1448.1,petcoke,103.42,304.1,3.75,good
120.72,1487.1,coal,99.21,315.0,3.23,bad
115.22,1436.3,petcoke,95.12,326.3,5.94,bad
124.79,1448.7,biomass,101.76,313.7,5.26,bad
123.34,1451.7,RDF,87.44,326.3,2.66,good
130.38,1475.5,RDF,88.35,328.8,2.02,good
114.9,1382.6,RDF,84.11,336.7,2.17,bad
117.3,1431.8,coal,91.5,345.7,2.98,bad
110.21,1456.3,coal,95.81,321.6,2.46,good
115.56,1486.0,RDF,95.51,293.8,4.13,bad
123.77,1435.2,biomass,95.75,313.1,5.43,bad
127.57,1393.7,biomass,87.94,320.9,4.95,bad
110.78,1468.6,coal,99.02,283.3,2.86,bad
128.7,1430.9,RDF,96.2,347.8,3.6,bad
133.56,1414.3,biomass,98.67,322.8,4.03,bad
124.13,1431.3,biomass,85.54,327.6,5.24,bad
138.77,1444.5,biomass,96.56,347.3,5.36,bad
112.26,1431.9,coal,89.06,307.4,5.64,bad
107.55,1383.8,RDF,93.01,331.5,4.04,bad
102.21,1476.9,petcoke,97.67,317.8,4.78,bad
134.96,1488.2,RDF,95.46,316.3,2.45,bad
126.54,1469.5,RDF,90.74,304.6,4.26,good
119.44,1415.9,coal,95.03,353.3,2.99,bad
122.8,1444.0,biomass,87.34,312.5,3.73,good
108.75,1449.8,biomass,100.75,334.0,4.54,bad
144.46,1468.0,coal,93.97,282.5,3.03,bad
121.29,1470.1,coal,100.59,343.6,2.21,bad
121.09,1428.0,coal,92.37,341.0,2.04,bad
127.26,1452.5,coal,92.38,321.9,2.09,good
124.81,1463.7,coal,91.18,315.5,2.03,good
122.24,1493.7,petcoke,99.38,328.0,2.44,bad
112.1,1471.1,RDF,91.45,365.8,2.96,bad
124.71,1473.7,RDF,98.22,284.7,2.88,bad
138.82,1452.5,RDF,93.09,335.6,5.95,bad
133.45,1492.3,biomass,85.12,301.8,3.22,bad
135.93,1462.3,petcoke,92.15,319.6,2.51,good
114.89,1424.2,RDF,89.1,315.0,4.18,good
110.1,1492.1,biomass,95.17,311.4,5.43,bad
118.74,1470.9,petcoke,89.05,319.8,4.71,bad
120.56,1436.7,petcoke,99.63,297.3,3.18,bad
130.94,1435.6,biomass,94.54,340.6,4.25,bad
103.08,1458.9,petcoke,94.11,284.1,4.86,bad
135.3,1463.9,biomass,98.28,330.8,4.91,bad
118.42,1455.9,RDF,99.82,313.5,4.67,bad
115.73,1459.3,biomass,94.9,296.6,5.48,bad
109.88,1501.0,petcoke,91.14,324.0,5.48,bad
103.45,1482.1,RDF,86.13,288.9,4.32,bad
128.23,1455.7,RDF,91.57,320.8,3.72,good
120.73,1478.2,coal,91.91,291.5,4.57,bad
107.1,1419.0,coal,95.54,329.2,5.27,bad
107.05,1461.9,petcoke,93.27,301.5,2.02,good
116.64,1504.3,biomass,98.44,311.0,5.97,bad
136.69,1443.5,biomass,91.94,325.9,2.73,good
117.4,1424.6,petcoke,94.71,304.5,3.88,good
104.97,1430.4,RDF,100.92,318.8,5.49,bad
117.54,1417.3,petcoke,96.71,289.7,2.9,bad
117.27,1426.5,petcoke,94.7,332.6,3.91,good
93.03,1438.9,RDF,91.99,355.3,2.53,bad
119.46,1407.8,biomass,91.83,375.8,3.58,bad
117.69,1450.5,petcoke,90.75,321.8,2.71,good
126.96,1477.1,biomass,92.29,335.8,3.45,good
138.49,1422.8,petcoke,98.78,284.4,3.49,bad
131.27,1495.6,RDF,93.89,350.1,5.97,bad
117.31,1465.3,RDF,88.25,335.5,5.98,bad
108.93,1480.9,coal,103.84,310.3,2.46,bad
145.73,1430.3,RDF,96.6,344.7,4.9,bad
120.59,1475.6,coal,87.97,314.9,2.21,good
120.14,1417.2,petcoke,92.79,310.8,2.12,bad
119.76,1476.7,biomass,95.55,329.5,2.42,good
121.98,1455.2,RDF,103.52,298.7,5.86,bad
118.56,1466.6,RDF,89.46,340.4,5.76,bad
114.26,1414.7,RDF,99.88,298.9,2.78,bad
114.53,1423.1,petcoke,102.0,299.0,2.65,bad
119.67,1467.9,coal,91.86,301.8,2.96,good
114.57,1421.5,petcoke,93.61,335.2,4.06,good
112.87,1463.9,biomass,89.82,307.7,4.28,good
121.06,1409.0,petcoke,93.98,293.0,2.89,bad
117.45,1475.4,biomass,94.82,307.9,5.03,bad
135.04,1413.0,RDF,98.3,319.4,3.24,bad
93.49,1466.6,biomass,100.45,296.4,5.69,bad
130.92,1468.8,biomass,91.26,297.0,4.63,bad
132.46,1429.1,coal,85.16,362.2,3.75,bad
99.27,1467.5,biomass,94.89,302.8,5.16,bad
116.57,1457.8,biomass,96.47,313.5,5.27,bad
116.29,1433.8,petcoke,96.25,312.7,3.16,good
105.92,1419.7,RDF,93.37,311.6,3.36,bad
112.22,1391.1,petcoke,95.62,332.4,5.74,bad
108.89,1460.5,petcoke,102.58,339.0,2.66,good
137.52,1403.1,RDF,96.91,313.9,2.17,bad
129.36,1452.9,RDF,93.13,295.3,3.82,bad
132.72,1442.1,biomass,92.5,345.5,5.2,bad
127.22,1470.4,biomass,94.15,318.1,5.09,bad
108.71,1440.9,coal,103.18,354.6,5.68,bad
114.75,1440.1,petcoke,94.08,275.1,4.13,bad
124.89,1472.0,RDF,94.9,323.9,2.4,good
107.78,1460.1,biomass,92.59,358.4,4.35,bad
127.13,1459.5,RDF,100.49,312.9,5.11,bad
117.6,1464.1,biomass,104.8,315.5,2.37,good
116.25,1403.9,coal,97.25,325.9,2.69,bad
127.11,1472.7,coal,95.41,308.8,2.05,good
124.44,1468.4,RDF,95.18,313.8,4.37,good
116.39,1419.5,coal,83.08,313.2,5.55,bad
131.59,1442.7,RDF,98.73,307.5,4.68,bad
109.19,1448.8,biomass,95.67,344.6,5.93,bad
126.16,1446.0,petcoke,97.14,329.2,2.25,good
125.93,1460.0,coal,91.44,325.0,5.61,bad
116.9,1492.9,biomass,93.08,336.2,5.26,bad
123.26,1482.5,petcoke,92.94,314.7,3.26,bad
107.49,1410.6,petcoke,100.11,304.5,5.89,bad
129.24,1468.7,petcoke,93.11,307.9,3.15,good
118.15,1489.9,biomass,105.41,320.0,5.56,bad
114.77,1461.6,biomass,97.15,298.8,5.52,bad
130.49,1482.7,RDF,88.62,310.0,5.03,bad
112.96,1510.4,petcoke,94.36,309.7,4.25,bad
105.92,1480.7,petcoke,91.74,362.5,2.48,bad
104.43,1457.5,petcoke,84.03,264.5,4.13,bad
126.06,1481.4,RDF,103.0,316.4,3.43,bad
107.2,1454.3,petcoke,98.52,354.5,5.17,bad
137.55,1450.7,biomass,97.67,322.4,5.03,bad
99.18,1439.5,petcoke,95.83,335.1,5.64,bad
136.96,1496.9,coal,88.09,322.0,2.06,bad
122.11,1425.4,biomass,92.58,306.7,5.24,bad
119.03,1496.0,RDF,99.21,275.2,5.75,bad
114.55,1465.0,petcoke,89.74,324.1,5.16,bad
123.99,1408.0,coal,82.34,304.5,2.52,bad
119.62,1461.0,RDF,93.86,304.0,2.33,good
131.03,1387.0,RDF,94.29,310.0,2.08,bad
121.14,1468.8,biomass,95.68,354.9,4.51,bad
121.5,1476.6,RDF,98.64,368.1,4.52,bad
116.36,1432.2,RDF,98.19,324.3,5.95,bad
119.43,1453.7,RDF,96.29,310.7,3.59,good
123.08,1508.6,RDF,100.98,296.5,3.33,bad
102.9,1434.8,petcoke,87.41,329.4,4.5,bad
106.52,1418.2,petcoke,97.52,355.7,5.3,bad
127.43,1494.4,petcoke,98.13,315.1,5.75,bad
121.71,1508.9,petcoke,88.8,272.4,5.21,bad
118.16,1450.1,coal,87.49,333.4,3.71,good
120.18,1480.3,petcoke,91.27,339.7,4.54,bad
123.48,1490.2,RDF,91.69,288.3,5.43,bad
114.6,1427.7,petcoke,98.77,323.5,3.96,good
112.22,1435.4,petcoke,91.93,329.0,2.87,good
121.96,1486.9,biomass,90.72,318.5,2.68,bad
110.22,1500.6,RDF,91.94,304.2,2.0,bad
124.08,1466.9,petcoke,100.59,340.3,4.87,bad
102.97,1423.6,petcoke,95.07,311.9,2.44,good
130.29,1509.6,petcoke,94.1,290.3,2.98,bad
124.73,1434.1,coal,94.45,279.0,3.19,bad
122.56,1439.9,petcoke,101.46,345.2,4.24,bad
129.83,1460.3,biomass,91.25,332.3,3.59,good
136.65,1496.6,RDF,101.58,321.8,4.7,bad
130.14,1475.6,RDF,96.05,311.2,2.22,good
101.59,1462.4,petcoke,94.2,309.4,2.5,good
107.2,1463.9,petcoke,107.5,298.5,4.0,bad
113.75,1451.3,petcoke,89.72,311.4,3.35,good
120.26,1466.7,RDF,93.23,277.6,3.18,bad
125.18,1374.1,RDF,88.84,305.3,2.27,bad
112.74,1441.1,coal,99.76,313.8,5.58,bad
121.87,1457.2,biomass,103.45,332.2,4.77,bad
112.45,1415.5,coal,103.35,319.2,2.49,bad
113.88,1461.6,biomass,101.12,335.9,2.26,good
105.93,1443.9,coal,94.01,347.0,5.9,bad
110.77,1502.7,RDF,93.17,341.2,4.72,bad
106.48,1497.2,coal,86.64,329.4,3.67,bad
110.24,1436.0,biomass,105.18,320.2,4.81,bad
130.54,1445.5,petcoke,97.34,300.4,5.03,bad
110.51,1447.8,biomass,92.54,334.8,5.12,bad
146.32,1436.5,petcoke,101.64,353.6,3.91,bad
124.93,1455.9,RDF,90.14,326.8,3.72,good
121.85,1427.3,biomass,97.03,358.3,2.04,bad
111.42,1416.1,coal,94.14,289.5,5.71,bad
127.0,1468.7,biomass,98.19,296.9,4.41,bad
114.24,1468.9,petcoke,94.68,337.1,2.81,good
121.22,1425.9,RDF,87.75,325.3,5.68,bad
145.6,1476.9,coal,95.38,346.3,5.66,bad
119.04,1431.1,biomass,100.24,319.7,5.96,bad
131.49,1457.6,petcoke,94.85,302.6,5.5,bad
112.97,1474.6,coal,98.88,315.7,5.99,bad
119.65,1449.0,RDF,89.77,289.3,2.98,bad
137.71,1463.6,coal,94.87,297.4,5.37,bad
113.73,1434.5,RDF,91.88,339.4,5.29,bad
138.12,1444.1,coal,98.73,337.5,2.92,good
127.08,1443.8,biomass,95.16,327.3,2.39,good
114.38,1427.6,petcoke,98.45,285.6,5.92,bad
126.32,1444.7,biomass,100.44,312.8,3.18,good
129.73,1403.5,biomass,98.46,295.5,5.48,bad
126.22,1435.3,RDF,96.37,343.5,2.02,bad
104.3,1441.5,RDF,90.01,308.3,2.08,good
112.73,1442.3,RDF,94.99,298.3,3.86,bad
117.52,1442.8,biomass,92.33,320.6,2.95,good
119.26,1448.1,coal,93.28,307.2,4.76,bad
126.21,1464.4,coal,93.13,349.7,4.26,bad
121.78,1476.2,biomass,90.1,305.3,2.31,good
106.65,1430.5,biomass,85.21,292.0,2.65,bad
123.8,1413.9,petcoke,91.66,276.9,3.55,bad
126.11,1418.7,RDF,95.97,319.4,2.74,bad
125.6,1435.4,RDF,88.26,308.8,5.17,bad
130.81,1439.4,biomass,95.08,291.4,3.66,bad
128.34,1426.9,biomass,104.5,343.8,2.37,bad
124.59,1411.1,coal,100.12,333.3,3.94,bad
119.3,1436.3,biomass,103.22,319.4,2.36,good
103.39,1455.4,coal,96.96,347.3,2.52,bad
124.3,1467.9,biomass,100.84,333.3,2.96,good
122.08,1433.3,petcoke,91.38,303.5,5.44,bad
122.72,1437.6,petcoke,91.78,299.2,5.7,bad
107.23,1422.2,coal,81.3,336.4,5.31,bad
109.19,1449.1,RDF,100.93,327.9,3.34,good
130.53,1424.5,petcoke,102.7,323.4,3.09,good
119.6,1467.2,coal,92.23,303.1,4.2,good
126.82,1396.4,biomass,93.73,332.2,4.89,bad
120.28,1439.2,biomass,91.23,304.9,5.97,bad
120.3,1459.0,coal,96.91,318.0,2.53,good
129.38,1455.5,RDF,100.62,348.9,2.2,bad
114.84,1530.8,coal,86.29,306.8,4.78,bad
120.96,1460.5,coal,97.05,288.5,5.33,bad
115.38,1419.9,petcoke,93.62,298.9,5.39,bad
115.66,1447.1,coal,95.57,339.9,4.71,bad
116.91,1396.7,coal,97.29,325.1,5.82,bad
122.22,1447.6,biomass,94.06,317.4,4.04,good
115.21,1425.0,petcoke,94.48,309.8,5.66,bad
132.56,1477.5,biomass,93.93,329.7,5.87,bad
111.05,1433.5,biomass,99.85,303.0,5.39,bad
118.13,1446.5,RDF,97.09,326.1,3.24,good
115.6,1430.9,RDF,96.1,305.4,2.78,good
134.47,1502.2,petcoke,88.65,302.0,4.19,bad
121.97,1440.4,petcoke,93.11,307.3,3.81,good
130.32,1505.0,RDF,99.49,312.5,5.51,bad
105.14,1474.4,RDF,95.19,319.0,2.4,good
122.67,1464.5,RDF,98.3,324.7,3.03,good
128.9,1461.1,RDF,103.83,246.2,5.01,bad
120.82,1461.8,RDF,100.19,303.8,2.38,good
130.65,1392.2,biomass,95.47,312.2,3.28,bad
114.83,1441.6,petcoke,92.45,350.1,3.55,bad
134.09,1475.4,biomass,82.23,298.4,4.49,bad
142.99,1448.5,biomass,94.16,323.3,2.63,good
116.37,1407.8,coal,93.37,349.9,5.44,bad
115.54,1448.4,biomass,96.95,293.7,3.79,bad
134.53,1501.1,RDF,94.23,327.9,5.67,bad
135.8,1487.4,RDF,93.4,304.0,3.87,bad
114.77,1448.1,coal,86.1,309.9,3.1,good
115.8,1478.5,coal,90.3,303.9,2.57,good
117.18,1439.0,coal,97.38,305.4,2.01,good
106.56,1398.9,coal,103.58,374.4,4.13,bad
110.81,1422.3,coal,94.51,336.9,2.43,good
109.96,1496.9,biomass,96.64,342.0,3.57,bad
112.32,1441.8,coal,99.76,329.8,4.36,good
119.65,1442.7,biomass,90.95,287.9,3.1,bad
122.34,1441.0,petcoke,96.83,327.9,2.7,good
135.51,1507.1,coal,91.3,341.5,5.1,bad
110.02,1498.8,coal,99.32,302.9,5.79,bad
129.84,1516.6,biomass,95.76,339.3,2.4,bad
117.86,1445.2,petcoke,96.49,334.1,2.62,good
119.51,1458.9,biomass,91.09,357.0,5.84,bad
126.75,1404.5,biomass,98.54,311.6,2.15,bad
108.77,1494.3,coal,105.42,298.0,5.91,bad
123.82,1415.0,RDF,89.96,312.8,2.02,bad
121.66,1456.5,RDF,93.3,348.7,5.49,bad
124.92,1417.1,biomass,96.16,283.4,3.23,bad
122.89,1432.3,coal,98.93,278.6,5.75,bad
144.55,1424.9,petcoke,92.2,321.8,3.27,good
113.62,1431.8,RDF,80.83,311.1,4.62,bad
114.69,1433.8,petcoke,101.8,320.2,2.32,good
113.77,1433.6,RDF,98.8,338.9,2.97,good
114.45,1475.0,coal,86.29,308.9,5.09,bad
113.63,1416.9,biomass,91.96,282.5,4.11,bad
131.89,1456.6,petcoke,102.84,360.9,5.71,bad
134.21,1486.5,petcoke,102.24,300.1,3.72,bad
114.29,1434.6,biomass,99.69,298.8,5.48,bad
111.68,1428.5,petcoke,94.12,342.1,3.8,bad
124.71,1443.1,RDF,95.41,312.3,5.92,bad
114.48,1485.4,biomass,94.35,318.7,5.84,bad
126.33,1455.8,RDF,100.64,329.7,3.32,good
122.03,1434.1,RDF,90.62,341.7,5.54,bad
104.84,1464.5,coal,90.97,313.3,5.39,bad
135.48,1416.9,RDF,100.05,350.4,2.84,bad
137.96,1470.4,coal,94.78,277.3,4.5,bad
113.87,1462.3,petcoke,101.89,335.2,2.29,good
116.12,1440.8,petcoke,91.64,303.2,5.35,bad
122.86,1424.8,coal,94.73,347.4,2.7,bad
123.34,1423.4,RDF,90.39,322.8,2.28,good
126.59,1466.0,biomass,95.04,306.5,3.6,good
140.1,1486.9,biomass,87.61,333.3,4.31,bad
118.23,1430.9,coal,92.56,337.9,5.42,bad
112.02,1463.8,petcoke,87.82,332.8,5.9,bad
106.21,1387.4,petcoke,98.47,299.4,3.76,bad
112.69,1432.5,biomass,98.58,310.3,2.24,good
119.67,1449.1,coal,86.35,319.9,5.0,bad
137.95,1422.7,biomass,101.67,319.2,4.26,good
114.82,1421.9,RDF,107.49,335.0,3.79,good
122.24,1430.0,RDF,95.23,279.7,3.24,bad
119.84,1458.8,coal,91.79,326.7,4.01,good
131.88,1444.4,coal,109.12,314.2,3.35,good
145.27,1382.9,RDF,88.41,303.2,5.03,bad
114.69,1386.4,petcoke,95.1,305.2,4.18,bad
115.11,1431.8,coal,95.9,315.7,5.51,bad
130.44,1463.7,RDF,101.73,248.0,4.17,bad
126.82,1367.6,RDF,96.8,306.0,2.95,bad
138.47,1435.0,petcoke,92.51,302.5,5.4,bad
125.84,1434.2,petcoke,90.24,330.7,4.23,good
116.41,1491.7,petcoke,93.29,303.9,2.83,bad
125.91,1438.4,petcoke,89.97,315.7,4.49,good
131.09,1461.5,biomass,95.24,350.8,3.43,bad
128.2,1454.2,petcoke,92.18,339.9,5.38,bad
125.07,1386.1,biomass,87.53,338.0,3.81,bad
130.67,1473.0,coal,101.28,310.0,4.91,bad
131.69,1456.5,RDF,92.51,330.9,2.38,good
133.82,1465.2,biomass,88.66,315.3,3.58,good
126.49,1567.8,coal,94.16,316.1,5.93,bad
118.33,1387.5,coal,95.34,328.2,5.23,bad
121.47,1501.7,biomass,86.27,308.1,2.64,bad
132.07,1441.4,coal,96.66,349.9,3.11,bad
111.83,1458.6,coal,89.76,316.8,3.32,good
123.69,1448.6,biomass,103.56,332.4,4.6,bad
116.07,1437.3,coal,97.62,349.1,5.03,bad
120.29,1432.9,petcoke,93.0,340.6,5.0,bad
132.78,1459.9,petcoke,91.27,291.8,4.04,bad
121.91,1404.5,RDF,94.48,328.9,5.24,bad
120.46,1472.5,coal,98.06,337.0,3.75,good
106.4,1437.5,RDF,94.87,337.8,2.5,good
127.46,1416.1,petcoke,93.91,297.7,4.26,bad
126.45,1436.5,petcoke,95.29,306.9,5.81,bad
141.63,1487.7,petcoke,91.98,339.9,5.17,bad
116.92,1433.9,coal,93.28,304.8,4.31,good
122.19,1460.8,coal,84.57,314.0,4.59,bad
122.49,1428.1,petcoke,99.87,351.5,5.72,bad
135.77,1472.7,RDF,96.49,319.0,3.71,good
119.05,1470.6,RDF,91.13,305.5,3.33,good
122.79,1505.5,biomass,104.49,302.4,5.91,bad
126.08,1444.7,petcoke,95.44,326.7,5.45,bad
121.87,1470.1,RDF,89.82,293.3,3.29,bad
115.54,1452.9,petcoke,99.28,315.1,3.86,good
121.94,1488.9,RDF,96.99,326.7,3.66,bad
130.74,1428.4,biomass,96.97,346.0,2.6,bad
109.73,1472.4,biomass,92.87,333.4,5.83,bad
121.33,1444.2,petcoke,97.25,305.7,3.62,good
113.0,1448.1,RDF,93.69,343.6,5.5,bad
131.95,1452.8,coal,97.78,314.0,2.76,good
104.77,1457.6,biomass,85.48,295.3,4.19,bad
114.41,1446.5,petcoke,92.83,316.6,2.1,good
123.77,1456.4,petcoke,103.61,348.8,5.06,bad
135.66,1497.3,RDF,91.16,323.3,4.32,bad
119.34,1479.6,petcoke,91.98,320.3,4.5,bad
114.45,1476.1,biomass,92.76,352.7,2.21,bad
138.81,1436.3,petcoke,88.93,291.4,2.84,bad
105.52,1423.3,petcoke,83.96,294.3,2.3,bad
98.01,1478.7,coal,93.85,287.7,3.16,bad
124.4,1476.3,coal,95.68,327.5,4.51,bad
114.98,1494.2,biomass,94.74,323.3,4.26,bad
109.79,1431.9,RDF,94.28,350.9,4.45,bad
127.08,1443.1,coal,95.22,324.9,4.2,good
122.44,1400.8,RDF,100.11,311.9,3.09,bad
114.36,1438.2,biomass,94.05,320.0,2.98,good
107.2,1479.9,coal,92.13,322.4,2.55,good
128.72,1436.0,RDF,93.59,286.6,5.4,bad
126.5,1469.2,coal,97.9,374.2,4.47,bad
119.01,1444.3,biomass,102.06,330.4,2.75,good
138.47,1459.7,biomass,91.86,324.2,2.71,good
109.3,1415.6,coal,95.49,332.3,5.49,bad
104.74,1452.6,RDF,96.69,334.2,4.97,bad
113.08,1360.3,petcoke,90.04,317.2,4.64,bad
119.54,1444.4,petcoke,95.1,307.4,3.63,good
122.43,1401.1,coal,87.67,332.0,3.05,bad
117.59,1486.2,RDF,86.15,327.7,5.92,bad
123.52,1473.3,petcoke,96.83,303.8,5.19,bad
107.48,1464.0,biomass,93.08,348.4,3.21,bad
134.44,1495.6,RDF,96.01,325.9,5.39,bad
119.18,1421.5,petcoke,94.91,334.6,5.04,bad
131.17,1502.4,RDF,90.12,347.8,3.19,bad
123.43,1478.0,coal,94.77,320.4,3.71,good
124.57,1442.9,RDF,88.83,326.3,2.74,good
125.7,1484.1,petcoke,101.95,336.2,2.44,bad
124.48,1416.8,coal,88.22,305.5,4.89,bad
126.43,1425.3,RDF,94.02,321.1,3.07,good
133.29,1431.7,biomass,89.79,322.5,5.28,bad
121.97,1434.1,petcoke,97.85,300.9,5.98,bad
127.09,1418.3,coal,93.34,366.4,2.31,bad
119.1,1486.7,RDF,92.41,291.9,3.89,bad
134.4,1442.2,biomass,99.27,294.0,5.21,bad
113.24,1460.6,petcoke,95.15,346.3,5.16,bad
138.01,1432.9,biomass,97.58,334.3,5.04,bad
119.6,1395.4,RDF,90.09,299.5,3.4,bad
105.69,1458.1,RDF,87.98,332.1,3.82,good
121.28,1392.6,coal,95.54,349.4,4.38,bad
113.19,1447.9,biomass,93.41,319.4,5.9,bad
128.41,1409.0,coal,98.13,372.0,3.31,bad
113.47,1509.6,petcoke,94.6,285.5,5.69,bad
115.54,1477.3,coal,96.03,333.9,3.08,good
101.1,1453.2,petcoke,86.88,343.3,5.96,bad
115.48,1487.9,RDF,104.44,337.8,4.68,bad
95.76,1424.6,RDF,94.18,315.9,3.85,good
104.16,1466.3,biomass,98.49,314.2,4.45,good
127.6,1456.0,petcoke,90.82,328.9,3.09,good
127.86,1457.9,RDF,96.54,336.3,3.1,good
124.25,1488.2,biomass,88.49,332.0,2.45,bad
110.33,1472.0,biomass,97.26,340.8,2.46,bad
119.52,1458.7,coal,93.22,299.6,3.39,bad
119.96,1400.4,biomass,95.15,315.4,5.05,bad
108.42,1421.2,RDF,98.49,301.2,4.43,good
135.03,1446.3,coal,88.84,312.3,2.41,good
128.77,1452.8,petcoke,91.58,340.3,5.41,bad
117.79,1416.1,petcoke,97.29,322.2,4.41,bad
120.27,1522.4,RDF,105.49,372.1,5.84,bad
122.08,1495.5,RDF,94.31,323.9,4.68,bad
99.58,1468.1,coal,97.96,321.2,2.7,good
117.53,1452.2,coal,94.47,322.1,3.9,good
113.18,1443.6,RDF,104.71,307.2,4.59,bad
109.98,1421.4,RDF,86.26,318.8,2.11,good
117.19,1452.3,petcoke,95.47,342.6,2.06,bad
137.98,1457.7,petcoke,86.87,322.3,2.52,good
126.41,1412.7,petcoke,82.47,304.1,3.01,bad
114.29,1460.0,RDF,96.49,301.5,3.72,good
125.73,1445.3,biomass,95.7,311.0,3.95,good
133.99,1392.8,RDF,93.58,321.5,2.55,bad
129.25,1424.2,RDF,94.47,343.9,4.69,bad
120.6,1437.6,petcoke,110.49,293.2,4.38,bad
113.53,1506.6,RDF,93.71,313.6,3.18,bad
126.98,1466.7,coal,97.55,322.9,2.05,good
123.93,1409.9,RDF,91.75,283.3,2.31,bad
128.95,1464.6,RDF,96.48,303.3,3.57,good
126.35,1403.6,RDF,93.81,306.4,2.62,bad
130.5,1482.5,RDF,92.95,304.1,3.51,bad
114.65,1435.9,biomass,104.09,323.8,4.51,bad
133.17,1447.2,RDF,100.89,316.8,4.19,good
121.98,1489.8,coal,95.68,308.9,2.92,bad
140.75,1411.4,coal,83.48,328.6,3.38,bad
113.11,1408.1,RDF,93.19,354.5,4.46,bad
137.36,1432.5,petcoke,108.52,352.8,5.44,bad
121.98,1481.2,biomass,93.85,281.5,5.01,bad
113.49,1404.4,RDF,100.52,331.5,4.21,bad
115.16,1365.0,RDF,102.21,316.4,3.45,bad
116.8,1436.5,RDF,96.09,323.1,3.46,good
124.24,1466.6,petcoke,90.79,312.0,5.52,bad
125.23,1486.0,petcoke,82.82,322.4,2.16,bad
114.26,1436.1,petcoke,98.42,323.0,5.95,bad
119.76,1437.7,biomass,90.93,308.4,4.66,bad
141.42,1484.6,coal,95.88,302.1,4.72,bad
137.28,1393.9,biomass,88.75,311.0,2.15,bad
124.36,1438.3,petcoke,93.67,324.7,4.42,good
120.38,1455.7,coal,95.17,332.0,3.94,good
121.2,1463.5,coal,96.34,337.1,2.42,good
126.14,1434.7,petcoke,89.43,310.1,3.11,good
109.77,1451.0,petcoke,100.98,325.7,5.56,bad
117.43,1375.4,biomass,92.02,339.3,4.2,bad
103.31,1430.3,petcoke,86.63,343.3,3.65,bad
123.99,1463.6,coal,94.45,318.8,2.29,good
126.47,1420.5,RDF,95.17,315.6,4.86,bad
115.17,1451.8,petcoke,95.8,323.8,4.81,bad
135.74,1463.4,petcoke,101.81,297.0,4.46,bad
107.74,1439.7,biomass,93.82,316.1,4.04,good
105.36,1455.1,biomass,94.4,334.9,3.74,good
122.24,1421.1,petcoke,89.48,332.8,4.37,good
130.47,1443.8,coal,99.1,314.6,2.93,good
136.84,1468.3,coal,95.92,324.4,5.77,bad
115.41,1454.7,RDF,92.9,303.5,4.36,good
130.79,1432.4,petcoke,85.48,334.1,3.24,good
119.61,1456.7,biomass,102.22,318.4,3.8,good
118.27,1471.4,coal,88.86,314.5,5.22,bad
128.84,1388.5,RDF,92.04,312.8,2.65,bad
126.52,1484.8,petcoke,96.79,318.7,3.17,bad
104.24,1439.9,coal,89.02,311.0,4.72,bad
134.77,1462.8,petcoke,87.53,333.2,3.26,good
133.8,1485.9,petcoke,84.38,312.1,5.17,bad
113.74,1408.8,coal,98.6,351.9,2.52,bad
123.96,1428.7,coal,92.27,349.3,5.05,bad
124.94,1441.3,coal,109.64,302.2,2.27,good
122.61,1426.5,petcoke,90.03,321.4,2.05,good
114.5,1502.0,petcoke,90.39,307.0,5.59,bad
113.28,1424.3,RDF,92.17,313.5,4.33,good
119.74,1433.3,biomass,96.22,360.0,3.41,bad
131.73,1456.1,petcoke,92.65,313.8,2.93,good
125.44,1413.9,biomass,98.06,327.2,4.47,bad
116.29,1438.1,coal,90.11,330.8,4.04,good
127.72,1459.5,petcoke,88.09,300.0,5.97,bad
91.51,1440.0,RDF,86.01,302.9,5.93,bad
131.49,1447.2,RDF,83.88,295.9,4.54,bad
102.6,1434.1,biomass,92.41,302.3,3.77,good
116.38,1404.6,coal,93.5,263.0,3.96,bad
108.8,1459.6,biomass,91.84,330.9,4.73,bad
107.05,1502.6,coal,101.22,361.1,2.41,bad
131.61,1450.6,RDF,101.14,323.0,3.31,good
115.32,1456.8,biomass,93.33,291.7,2.3,bad
123.47,1470.8,RDF,86.03,307.1,2.29,good
119.53,1411.9,RDF,92.17,310.8,2.78,bad
124.77,1501.1,coal,92.0,299.6,3.94,bad
120.77,1456.1,biomass,91.71,337.2,5.14,bad
107.17,1499.0,biomass,91.51,336.2,3.94,bad
129.96,1428.0,RDF,91.73,296.9,3.34,bad
115.06,1504.5,RDF,93.07,334.5,2.33,bad
104.43,1473.3,coal,91.82,350.5,4.2,bad
115.72,1466.6,petcoke,96.04,358.1,3.09,bad
135.01,1457.0,petcoke,96.8,377.3,4.46,bad
128.5,1442.5,RDF,90.45,302.0,5.91,bad
116.51,1486.0,petcoke,101.36,376.5,2.45,bad
116.51,1454.2,petcoke,90.1,312.9,2.85,good
116.78,1391.0,petcoke,86.91,308.2,3.89,bad
140.77,1416.5,petcoke,96.9,326.5,5.87,bad
123.82,1444.4,RDF,90.91,308.4,5.09,bad
124.3,1459.3,petcoke,96.61,328.0,5.59,bad
130.3,1448.3,petcoke,82.98,293.6,3.33,bad
122.39,1486.6,coal,101.96,315.2,5.97,bad
117.41,1391.5,RDF,98.36,345.7,2.41,bad
118.04,1454.3,biomass,87.5,318.9,2.21,good
119.28,1395.5,biomass,87.61,322.8,5.42,bad
119.63,1472.8,coal,103.36,329.5,5.71,bad
127.28,1447.2,coal,91.31,343.4,2.36,bad
120.52,1462.6,RDF,90.83,286.9,2.45,bad
127.33,1424.1,biomass,83.67,331.7,2.13,good
119.19,1488.4,petcoke,93.25,314.6,2.42,bad
120.79,1481.3,coal,93.86,323.3,2.84,bad
100.02,1467.5,biomass,98.58,341.2,5.88,bad
129.16,1446.1,RDF,88.0,296.1,4.67,bad
123.46,1467.4,petcoke,87.4,299.7,5.11,bad
129.98,1428.8,RDF,97.25,281.3,5.1,bad
91.04,1475.7,coal,100.03,309.0,4.14,good
140.88,1499.5,biomass,87.14,346.6,5.19,bad
118.6,1482.1,biomass,100.41,317.6,4.38,bad
131.08,1428.1,biomass,95.19,293.2,3.26,bad
109.6,1460.8,biomass,100.46,310.3,4.24,good
126.13,1411.2,petcoke,94.65,290.2,4.13,bad
109.47,1467.2,petcoke,82.39,297.5,5.29,bad
113.76,1463.5,RDF,94.24,327.8,5.93,bad
139.14,1393.9,petcoke,100.3,296.5,3.64,bad
118.09,1415.1,coal,90.53,342.3,5.05,bad
122.17,1441.5,coal,93.06,318.6,2.4,good
128.7,1441.0,biomass,94.12,321.7,5.11,bad
124.96,1413.7,coal,80.5,314.4,3.49,bad
121.5,1461.7,RDF,103.36,335.5,2.16,good
123.65,1457.5,petcoke,90.49,335.7,3.45,good
144.03,1444.2,petcoke,97.53,326.7,4.44,good
119.42,1427.3,petcoke,94.57,331.3,2.48,good
122.01,1481.5,coal,101.29,315.8,5.7,bad
130.51,1499.7,petcoke,97.03,330.8,2.31,bad
131.06,1435.5,biomass,93.83,313.2,5.72,bad
131.87,1431.6,biomass,90.53,320.0,4.83,bad
126.39,1464.7,biomass,98.99,314.5,3.32,good
108.57,1439.3,coal,85.63,310.9,3.56,good
136.33,1445.8,petcoke,98.23,306.2,4.96,bad
108.54,1472.2,coal,89.5,329.4,4.41,good
123.03,1392.7,petcoke,101.26,346.2,4.69,bad
112.46,1489.5,RDF,95.81,343.4,3.56,bad
119.36,1452.2,RDF,98.22,294.9,3.95,bad
123.29,1437.7,coal,95.41,345.8,5.96,bad
123.21,1447.3,biomass,86.24,313.6,2.86,good
124.22,1448.9,coal,90.7,332.0,3.67,good
136.14,1398.1,biomass,98.36,301.9,3.17,bad
124.54,1494.8,petcoke,95.83,322.8,5.06,bad
117.56,1451.2,biomass,100.9,326.3,5.06,bad
129.64,1463.3,biomass,97.02,290.3,3.17,bad
131.89,1478.5,petcoke,90.17,332.2,2.33,good
107.72,1419.4,RDF,91.02,346.9,2.05,bad
125.97,1464.2,petcoke,95.51,316.5,3.71,good
127.01,1442.0,coal,83.43,347.2,3.64,bad
117.02,1475.4,coal,103.37,316.2,5.95,bad
133.76,1386.2,coal,97.21,337.0,3.88,bad
118.5,1447.0,coal,101.14,275.6,3.03,bad
121.26,1431.9,coal,87.1,368.4,5.56,bad
118.27,1463.0,RDF,101.22,349.9,3.96,bad
120.16,1464.1,RDF,106.16,314.3,4.4,good
109.04,1428.8,biomass,88.4,280.6,2.38,bad
105.6,1428.6,coal,98.86,325.8,3.53,good
135.95,1446.7,petcoke,95.01,291.1,5.78,bad
111.53,1423.1,coal,87.28,328.9,4.36,good
110.09,1475.3,RDF,97.46,328.2,3.38,good
98.47,1438.9,coal,99.17,301.2,4.5,bad
113.61,1362.8,RDF,91.99,342.4,5.64,bad
106.77,1438.8,biomass,100.83,336.1,3.1,good
136.42,1418.8,biomass,86.67,339.5,4.02,bad
130.1,1401.1,biomass,87.53,320.2,5.83,bad
113.12,1412.9,RDF,95.68,291.7,2.69,bad
142.52,1453.3,coal,95.13,339.6,4.88,bad
129.82,1489.9,coal,91.42,314.6,4.46,bad
116.75,1459.4,petcoke,99.05,292.2,4.72,bad
95.01,1431.8,RDF,97.65,347.0,3.4,bad
142.91,1463.7,petcoke,99.29,362.0,3.26,bad
106.1,1436.2,biomass,94.38,319.2,4.74,bad
103.55,1429.2,coal,98.01,363.2,2.86,bad
130.23,1415.4,RDF,92.77,321.8,3.68,bad
144.4,1397.4,petcoke,105.27,312.4,2.75,bad
133.84,1438.3,petcoke,90.94,307.4,2.03,good
125.64,1454.7,petcoke,105.53,352.7,5.88,bad
125.95,1447.1,coal,95.17,304.4,3.73,good
128.53,1437.5,coal,88.12,334.7,5.88,bad
127.59,1421.6,coal,101.84,308.8,2.56,good
122.81,1468.2,RDF,95.63,310.8,4.35,good
121.04,1410.5,coal,99.26,340.6,2.8,bad
119.37,1473.3,RDF,101.12,312.4,5.16,bad
112.46,1419.9,petcoke,96.69,311.9,5.13,bad
117.19,1427.4,petcoke,92.04,342.7,2.45,bad
103.07,1406.0,biomass,99.88,351.9,5.65,bad
119.02,1435.0,coal,95.0,332.9,2.78,good
110.11,1479.3,petcoke,98.43,306.9,4.45,good
108.96,1465.5,coal,84.23,309.8,5.94,bad
121.8,1479.4,RDF,97.23,321.6,5.53,bad
133.92,1465.7,petcoke,91.81,326.4,5.83,bad
129.18,1416.9,coal,103.27,300.2,3.37,bad
104.29,1440.1,petcoke,98.12,334.5,2.42,good
110.1,1426.6,petcoke,96.2,321.7,2.75,good
129.41,1489.9,coal,97.43,285.7,4.0,bad
110.18,1414.1,petcoke,90.01,301.4,5.17,bad
117.75,1476.8,petcoke,103.12,309.9,2.6,good
125.5,1476.8,petcoke,104.96,318.5,4.64,bad
110.32,1504.9,petcoke,96.96,357.8,3.29,bad
121.05,1437.7,RDF,102.95,324.8,3.36,good
106.66,1471.4,petcoke,92.15,303.2,4.65,bad
113.99,1518.4,biomass,91.01,324.4,3.87,bad
123.2,1431.5,petcoke,95.2,313.0,5.25,bad
104.07,1403.9,coal,97.17,326.5,2.62,bad
124.4,1393.6,biomass,93.03,331.6,5.16,bad
119.8,1471.4,RDF,97.69,344.2,2.26,bad
125.52,1393.5,biomass,96.53,319.5,2.78,bad
122.24,1438.8,biomass,90.01,352.8,4.62,bad
133.64,1463.1,biomass,97.59,338.2,5.42,bad
121.25,1455.6,coal,99.32,305.9,3.01,good
115.71,1462.8,coal,95.86,364.2,3.31,bad
121.22,1456.7,coal,100.76,326.5,4.15,good
125.43,1488.4,RDF,88.91,303.3,2.85,bad
120.49,1421.4,coal,97.34,353.1,5.24,bad
120.41,1429.7,coal,89.15,361.6,5.09,bad
112.98,1426.8,biomass,89.43,319.3,2.58,good
113.37,1474.9,coal,91.85,309.9,3.86,good
105.97,1477.0,petcoke,90.29,316.6,5.1,bad
137.5,1463.5,coal,92.26,334.3,3.35,good
107.56,1485.5,RDF,93.93,345.6,4.53,bad
113.07,1414.7,RDF,99.19,331.4,2.2,bad
112.82,1500.0,petcoke,93.39,322.0,4.43,bad
128.95,1495.7,RDF,87.07,350.0,2.61,bad
117.05,1472.1,RDF,100.7,313.7,5.32,bad
132.48,1503.5,biomass,90.81,340.6,3.42,bad
113.27,1400.3,petcoke,94.71,314.2,3.13,bad
122.79,1434.3,biomass,97.23,328.6,5.36,bad
111.65,1427.9,biomass,96.0,317.7,2.2,good
141.45,1471.6,coal,100.47,318.9,3.59,good
108.12,1418.5,petcoke,97.4,312.5,3.48,bad
123.1,1472.7,coal,90.69,346.9,3.14,bad
126.34,1491.1,coal,105.89,305.3,5.65,bad
124.14,1470.9,biomass,95.97,305.2,5.0,bad
118.15,1458.5,RDF,94.26,362.4,2.26,bad
118.7,1420.4,petcoke,99.82,339.6,4.86,bad
120.44,1424.6,RDF,96.25,272.3,4.11,bad
118.53,1487.5,biomass,97.0,308.7,5.6,bad
129.64,1473.4,biomass,107.46,283.8,3.25,bad
142.11,1448.8,biomass,93.62,301.0,4.3,good
114.43,1437.5,biomass,93.41,257.2,4.0,bad
106.3,1389.2,biomass,95.58,317.3,3.96,bad
119.12,1417.9,biomass,100.36,297.2,3.82,bad
145.8,1507.3,RDF,87.47,321.2,2.82,bad
111.96,1411.6,coal,85.17,287.5,5.02,bad
136.39,1455.7,RDF,92.06,321.7,3.81,good
136.78,1480.2,petcoke,86.83,311.7,5.83,bad
114.46,1412.4,RDF,92.88,350.0,3.04,bad
125.69,1455.5,biomass,97.51,348.2,4.73,bad
136.28,1478.1,RDF,90.55,335.7,5.76,bad
116.21,1450.4,coal,87.87,313.5,4.65,bad
117.96,1536.1,petcoke,95.35,359.7,5.49,bad
114.18,1399.9,RDF,99.31,288.9,5.31,bad
109.85,1481.8,coal,86.53,291.9,3.44,bad
113.51,1444.8,RDF,99.1,318.3,4.4,good
107.76,1473.2,petcoke,99.09,365.1,2.63,bad
120.34,1463.2,RDF,99.77,316.0,4.14,good
112.3,1428.0,biomass,101.09,316.3,2.92,good
122.34,1456.9,RDF,106.01,291.2,4.97,bad
104.44,1394.3,coal,93.22,338.9,4.11,bad
123.31,1468.1,RDF,95.55,339.1,3.64,good
128.34,1458.9,coal,92.92,335.8,3.08,good
100.06,1469.2,petcoke,95.01,307.4,5.99,bad
123.74,1481.7,RDF,102.66,305.9,2.29,bad
132.28,1461.0,petcoke,88.27,294.1,2.17,bad
107.9,1454.4,petcoke,90.69,321.7,2.87,good
136.73,1423.6,RDF,101.89,298.4,5.88,bad
124.19,1428.6,coal,100.1,296.5,5.92,bad
112.95,1485.6,petcoke,93.18,311.5,4.62,bad
119.44,1493.1,petcoke,99.27,310.2,5.52,bad
125.58,1442.9,RDF,96.71,309.2,2.86,good
120.76,1451.4,RDF,102.5,329.3,5.89,bad
125.39,1422.9,RDF,95.37,321.6,2.57,good
110.79,1485.2,RDF,100.13,314.2,2.4,bad
121.69,1470.0,RDF,108.21,323.7,2.45,good
105.86,1508.2,biomass,97.99,300.2,4.29,bad
118.89,1423.7,RDF,95.25,322.1,5.12,bad
110.96,1438.7,coal,98.61,323.0,3.47,good
112.64,1456.9,petcoke,93.17,289.9,5.91,bad
132.36,1469.4,coal,106.94,339.9,3.74,good
130.91,1443.5,coal,95.9,302.4,2.6,good
126.09,1423.8,biomass,93.64,321.8,3.86,good
109.08,1476.4,RDF,90.82,343.3,4.72,bad
116.84,1471.6,petcoke,100.49,338.5,5.33,bad
132.13,1422.5,coal,99.34,320.7,3.84,good
121.42,1490.7,RDF,92.51,312.8,4.37,bad
143.19,1485.1,RDF,97.88,339.0,3.07,bad
123.93,1454.0,biomass,87.46,333.5,4.58,bad
121.92,1452.4,biomass,95.92,307.6,5.94,bad
116.91,1466.6,biomass,97.26,304.1,2.2,good
121.34,1424.1,petcoke,103.54,278.6,5.55,bad
118.48,1450.9,coal,91.15,323.1,4.25,good
127.08,1385.4,biomass,88.61,318.3,3.01,bad
129.57,1476.3,biomass,90.52,342.7,5.82,bad
112.14,1403.2,biomass,88.32,327.2,3.93,bad
106.69,1495.1,coal,101.68,346.7,3.33,bad
101.64,1440.1,coal,102.74,306.1,2.73,good
125.08,1443.6,biomass,96.6,342.8,2.98,bad
108.97,1431.2,biomass,101.11,309.4,5.33,bad
98.47,1441.4,RDF,95.67,335.6,4.46,good
123.89,1492.6,biomass,94.52,290.8,5.65,bad
144.93,1375.4,petcoke,93.33,324.7,2.93,bad
119.94,1488.3,petcoke,93.45,280.3,2.48,bad
128.38,1460.1,biomass,87.26,314.7,2.02,good
120.82,1413.8,coal,96.32,328.8,4.03,bad
119.01,1417.7,RDF,94.8,309.6,5.99,bad
129.19,1500.3,coal,98.73,299.0,4.78,bad
117.1,1421.6,biomass,95.47,336.9,3.23,good
122.67,1415.4,petcoke,94.19,317.9,5.51,bad
123.22,1484.1,RDF,90.64,310.2,5.13,bad
113.32,1460.2,coal,95.36,320.8,2.06,good
129.92,1421.9,coal,98.69,372.7,5.27,bad
118.25,1456.5,biomass,89.28,343.1,3.2,bad
112.44,1419.2,RDF,95.44,343.3,2.6,bad
125.37,1483.0,petcoke,96.17,328.7,2.91,bad
111.02,1481.8,biomass,91.41,323.3,3.87,bad
120.28,1466.0,RDF,92.06,272.1,3.7,bad
119.91,1460.8,coal,96.15,306.4,3.16,good
130.86,1502.8,biomass,89.33,310.4,2.69,bad
124.75,1450.0,coal,96.75,282.5,5.05,bad
119.75,1414.5,coal,90.52,296.9,5.96,bad
128.18,1463.5,biomass,100.31,280.4,5.11,bad
133.9,1512.6,biomass,106.69,319.2,3.18,bad
125.58,1419.6,biomass,90.7,336.4,2.98,bad
120.1,1439.2,biomass,97.67,342.1,2.87,bad
106.88,1462.5,biomass,91.37,328.3,2.55,good
109.35,1448.4,coal,100.2,300.7,4.21,good
116.95,1420.5,petcoke,88.67,281.4,4.42,bad
113.9,1483.7,petcoke,97.4,284.9,4.82,bad
118.13,1519.6,biomass,90.64,294.6,4.72,bad
120.57,1455.9,coal,93.97,302.2,3.17,good
125.3,1422.9,petcoke,89.84,316.8,3.32,good
119.3,1403.5,petcoke,99.11,299.7,4.73,bad
124.87,1457.7,petcoke,90.82,326.8,3.4,good
120.64,1483.1,coal,97.76,315.4,2.85,bad
100.25,1464.3,biomass,93.28,320.2,3.5,good
110.61,1449.9,biomass,94.43,342.8,3.09,bad
118.56,1432.3,biomass,95.74,296.4,2.35,bad
107.9,1417.2,RDF,91.19,328.4,5.32,bad
126.0,1475.0,RDF,96.05,319.7,5.41,bad
135.31,1477.4,RDF,102.65,313.3,2.88,good
132.19,1403.6,coal,91.11,337.7,2.26,bad
117.87,1497.7,petcoke,100.86,337.6,4.96,bad
134.91,1467.2,petcoke,102.49,301.1,2.85,good
121.49,1492.0,coal,90.92,316.4,3.57,bad
116.63,1409.7,coal,87.72,325.6,2.26,bad
113.87,1409.0,biomass,96.51,314.5,2.91,bad
116.98,1445.5,biomass,92.26,331.7,5.17,bad
116.12,1465.1,RDF,104.34,325.6,5.22,bad
121.7,1503.9,RDF,95.17,356.7,2.83,bad
121.61,1471.2,coal,90.99,289.4,3.34,bad
120.03,1442.7,RDF,89.26,317.6,2.54,good
124.37,1419.2,petcoke,100.45,301.8,2.3,bad
131.91,1486.9,coal,92.14,332.1,5.97,bad
129.5,1421.1,coal,95.22,287.7,4.62,bad
105.15,1498.9,petcoke,99.78,326.9,4.17,bad
94.46,1441.5,biomass,92.58,307.4,5.06,bad
129.34,1497.7,biomass,94.77,305.3,5.36,bad
106.33,1470.4,petcoke,94.92,291.1,5.23,bad
117.75,1445.9,petcoke,98.42,310.7,2.07,good
108.3,1434.4,RDF,97.95,341.7,2.75,bad
101.98,1439.8,coal,93.9,319.5,4.62,bad
125.41,1462.8,RDF,95.32,332.6,3.5,good
127.59,1452.3,petcoke,93.14,353.3,5.93,bad
114.23,1432.2,RDF,87.61,325.3,4.66,bad
94.09,1445.0,petcoke,96.29,308.8,5.83,bad
114.54,1452.4,RDF,104.46,329.3,2.81,good
123.92,1386.1,RDF,90.58,309.1,5.46,bad
105.21,1463.7,biomass,91.13,309.9,3.29,good
121.83,1420.6,petcoke,90.65,289.6,5.96,bad
119.85,1415.4,RDF,98.62,338.5,2.63,bad
125.79,1399.4,coal,97.24,312.3,4.07,bad
121.2,1396.2,RDF,94.21,323.6,5.17,bad
110.27,1409.3,RDF,90.41,299.3,3.73,bad
131.97,1428.7,coal,95.46,328.7,3.87,good
118.41,1508.6,petcoke,87.18,304.8,5.95,bad
119.73,1434.2,biomass,95.72,317.2,3.7,good
110.67,1455.3,biomass,99.36,337.6,4.42,good
115.57,1462.0,biomass,88.74,335.8,2.22,good
111.15,1453.9,coal,87.34,319.6,5.37,bad
118.27,1447.7,RDF,102.9,284.6,4.59,bad
137.12,1414.1,petcoke,91.94,379.9,3.62,bad
106.28,1493.5,RDF,100.68,354.9,2.06,bad
103.86,1504.2,biomass,94.23,334.5,4.37,bad
134.71,1399.5,RDF,94.19,304.9,2.05,bad
117.91,1419.3,coal,97.19,317.7,2.0,bad
113.31,1441.6,coal,90.58,309.1,4.46,good
130.4,1421.1,petcoke,95.66,345.3,2.76,bad
113.94,1465.2,petcoke,93.09,325.3,2.77,good
138.26,1428.2,biomass,88.4,304.3,4.61,bad
126.78,1515.0,petcoke,96.69,310.6,2.21,bad
115.12,1485.7,RDF,93.68,342.4,3.25,bad
141.57,1456.4,coal,94.21,352.0,2.6,bad
113.94,1480.8,coal,88.95,350.6,4.32,bad
127.42,1483.2,coal,102.96,335.1,4.65,bad
122.99,1433.1,petcoke,99.38,314.9,4.88,bad
133.02,1425.5,coal,99.82,255.2,3.02,bad
135.62,1452.3,coal,93.47,325.9,2.36,good
120.32,1475.8,coal,86.35,320.0,2.31,good
112.47,1454.2,biomass,104.76,322.8,3.7,good
124.6,1402.7,biomass,94.69,321.1,5.78,bad
113.22,1425.9,petcoke,91.26,293.5,2.87,bad
140.13,1447.8,coal,97.08,331.1,3.03,good
121.37,1447.7,petcoke,100.84,332.6,2.4,good
116.35,1509.2,coal,94.88,333.6,4.42,bad
121.85,1408.4,coal,101.39,338.9,4.72,bad
106.53,1465.2,coal,100.41,332.1,4.57,bad
110.28,1494.7,petcoke,89.62,311.8,5.44,bad
132.0,1518.1,petcoke,91.63,318.6,3.95,bad
113.43,1437.9,coal,99.79,321.8,2.54,good
109.53,1464.7,RDF,81.44,322.2,3.16,good
125.37,1467.1,petcoke,94.25,340.0,4.65,bad
131.86,1455.9,biomass,87.85,332.9,4.45,good
127.19,1447.0,petcoke,92.62,361.5,4.12,bad
129.96,1463.1,coal,93.51,364.1,4.73,bad
112.43,1374.0,RDF,93.21,321.6,4.55,bad
105.78,1470.5,coal,92.24,243.3,5.53,bad
135.01,1453.8,biomass,89.51,344.7,4.34,bad
116.77,1443.3,petcoke,106.46,309.2,5.11,bad
117.49,1511.4,petcoke,104.34,304.0,2.99,bad
133.28,1429.8,coal,89.19,312.0,4.71,bad
125.56,1437.9,coal,102.91,311.1,5.61,bad
124.56,1509.7,biomass,93.0,332.2,3.54,bad
141.65,1425.0,RDF,95.65,288.8,5.12,bad
113.56,1433.5,biomass,94.68,298.4,4.9,bad
129.28,1445.6,RDF,91.7,326.9,2.24,good
120.57,1475.2,petcoke,99.92,332.5,4.33,good
122.69,1456.2,RDF,95.63,332.8,2.52,good
135.28,1411.2,RDF,92.62,304.3,5.87,bad
125.08,1434.0,petcoke,88.48,300.4,5.25,bad
125.38,1431.8,petcoke,90.53,309.9,2.44,good
130.73,1447.7,petcoke,86.79,324.8,2.49,good
116.35,1462.8,biomass,95.06,349.7,4.38,bad
111.61,1462.5,petcoke,89.02,279.1,3.38,bad
109.55,1396.7,coal,93.67,315.6,2.14,bad
100.34,1481.9,petcoke,101.85,293.3,4.17,bad
140.56,1457.6,petcoke,101.0,287.0,3.55,bad
108.97,1491.5,petcoke,94.84,339.3,2.4,bad
117.79,1463.3,RDF,94.56,330.9,5.21,bad
117.23,1483.0,biomass,104.4,329.0,5.66,bad
123.07,1464.0,petcoke,97.6,338.4,5.03,bad
128.16,1490.4,biomass,93.36,310.4,5.29,bad
128.6,1465.7,coal,87.87,311.3,2.87,good
114.17,1447.1,coal,96.97,363.7,3.05,bad
118.33,1518.2,petcoke,99.15,315.1,2.83,bad
122.83,1476.7,coal,91.84,334.7,5.06,bad
117.51,1467.2,biomass,96.46,320.1,5.79,bad
136.07,1411.7,RDF,93.18,283.0,4.87,bad
124.91,1411.4,petcoke,94.08,279.1,5.53,bad
127.35,1458.8,coal,82.56,308.4,4.55,bad
126.63,1454.4,biomass,93.89,341.1,3.55,bad
131.73,1431.6,biomass,99.85,335.8,3.7,good
121.81,1454.2,coal,91.84,338.3,2.3,good
107.03,1497.7,biomass,95.26,300.3,2.13,bad
124.0,1470.9,biomass,91.22,352.3,4.78,bad
113.49,1415.8,petcoke,96.8,300.7,3.75,bad
114.71,1446.7,biomass,93.92,324.3,4.21,good
125.86,1425.9,coal,90.3,319.8,4.23,good
132.38,1438.4,petcoke,101.66,316.5,3.11,good
120.21,1437.6,coal,99.64,346.8,3.9,bad
123.09,1435.7,RDF,91.98,305.9,3.88,good
137.02,1412.3,coal,97.49,293.0,3.55,bad
122.41,1446.2,coal,97.69,320.4,5.28,bad
146.02,1433.2,petcoke,98.21,312.0,3.8,good
125.66,1362.1,biomass,86.53,387.5,4.41,bad
102.39,1511.6,coal,100.03,333.5,5.58,bad
127.53,1482.7,petcoke,92.15,311.8,5.46,bad
123.81,1438.7,RDF,93.21,298.9,5.56,bad
132.9,1450.6,petcoke,108.19,282.4,3.08,bad
126.73,1414.9,petcoke,96.51,299.5,2.14,bad
118.62,1500.9,biomass,93.07,322.3,3.04,bad
107.76,1506.9,coal,83.97,348.5,3.11,bad
117.91,1454.7,RDF,101.95,342.4,5.64,bad
111.49,1480.7,petcoke,88.27,324.6,4.6,bad
114.19,1455.3,coal,89.98,313.5,2.33,good
125.89,1409.9,coal,93.34,325.4,2.54,bad
136.7,1437.6,petcoke,102.08,309.6,2.62,good
123.95,1454.0,coal,98.87,354.4,4.52,bad
108.04,1436.4,petcoke,94.21,316.2,4.94,bad
124.45,1443.4,petcoke,96.54,318.3,5.44,bad
131.97,1447.3,petcoke,92.0,275.7,5.76,bad
113.9,1447.6,RDF,95.7,316.1,2.81,good
118.66,1451.6,petcoke,95.37,336.7,3.24,good
120.15,1418.2,biomass,99.84,298.6,2.96,bad
112.15,1428.5,coal,99.84,305.0,3.44,good
126.48,1411.5,RDF,97.47,335.9,5.66,bad
118.79,1479.3,coal,93.19,290.5,4.3,bad
124.2,1386.8,RDF,98.71,341.2,4.95,bad
111.13,1484.6,biomass,94.54,309.4,3.96,bad
115.63,1491.6,RDF,89.59,312.2,2.12,bad
127.22,1440.9,RDF,92.98,297.5,2.26,bad
116.27,1371.9,RDF,95.42,327.6,4.15,bad
137.27,1439.2,coal,99.55,369.2,4.88,bad
116.0,1448.1,petcoke,94.08,335.6,2.86,good
122.25,1419.7,coal,88.95,302.7,4.89,bad
129.33,1434.5,petcoke,95.28,342.7,5.24,bad
105.82,1495.9,coal,95.57,313.7,3.65,bad
102.39,1469.9,biomass,95.93,347.5,4.99,bad
104.74,1422.3,biomass,99.6,336.1,3.62,good
132.63,1402.1,RDF,100.09,261.1,4.71,bad
114.48,1440.2,biomass,92.03,299.9,5.06,bad
145.58,1443.6,RDF,91.92,338.9,5.97,bad
114.36,1464.9,petcoke,89.8,323.0,3.38,good
121.85,1433.9,biomass,98.49,299.5,3.64,bad
135.42,1465.3,petcoke,102.24,307.3,2.66,good
140.06,1508.1,coal,93.42,281.9,2.82,bad
140.62,1474.5,petcoke,93.79,318.2,4.77,bad
132.08,1448.6,coal,102.33,364.2,5.67,bad
130.24,1444.5,petcoke,97.53,336.1,3.58,good
125.93,1439.3,petcoke,97.18,363.8,2.72,bad
127.78,1485.4,biomass,89.05,337.6,3.14,bad
114.49,1431.2,petcoke,98.39,340.5,3.82,bad
111.82,1451.4,biomass,90.35,359.5,3.16,bad
119.97,1451.5,biomass,89.33,327.5,2.93,good
118.3,1434.9,RDF,93.27,316.3,4.94,bad
115.47,1408.8,RDF,92.07,340.7,2.03,bad
126.96,1459.7,coal,93.89,349.1,4.16,bad
129.55,1448.2,petcoke,87.8,310.4,5.18,bad
120.88,1465.0,coal,99.79,305.6,3.06,good
134.78,1434.0,petcoke,100.64,322.8,4.41,good
108.58,1486.6,RDF,85.26,336.6,4.68,bad
118.06,1423.7,RDF,99.89,336.0,4.62,bad
112.83,1501.4,petcoke,90.95,291.5,3.78,bad
101.33,1397.6,petcoke,99.28,358.2,3.39,bad
119.17,1463.0,RDF,94.66,307.2,5.34,bad
118.78,1464.3,RDF,95.14,314.7,5.03,bad
135.13,1426.1,coal,94.07,301.9,3.29,good
126.31,1462.7,RDF,101.06,374.0,2.41,bad
109.76,1488.4,petcoke,88.8,324.8,2.29,bad
138.54,1383.5,coal,98.04,303.0,2.38,bad
132.21,1465.1,petcoke,100.51,337.3,4.33,good
125.82,1375.2,biomass,98.58,335.4,2.21,bad
117.74,1421.0,coal,106.62,316.2,3.35,good
110.41,1498.9,petcoke,92.36,336.8,5.01,bad
116.28,1432.5,RDF,99.79,303.5,3.18,good
130.89,1414.8,biomass,94.47,310.1,5.05,bad
138.85,1444.1,petcoke,101.17,279.8,4.98,bad
135.43,1512.0,coal,94.96,293.5,2.98,bad
115.11,1395.0,petcoke,93.06,356.2,4.92,bad
108.8,1418.5,biomass,101.53,352.8,4.99,bad
121.41,1494.9,coal,92.54,321.3,3.59,bad
102.32,1505.7,biomass,87.94,353.3,2.84,bad
123.23,1446.9,petcoke,92.42,316.8,4.09,good
118.52,1412.8,RDF,98.1,315.1,5.69,bad
115.34,1512.9,RDF,101.96,321.1,4.56,bad
104.05,1497.8,petcoke,95.56,317.5,2.69,bad
125.14,1470.4,petcoke,101.59,315.7,4.73,bad
114.67,1425.6,petcoke,88.21,342.9,3.71,bad
108.3,1448.5,coal,92.78,323.0,4.37,good
91.28,1445.2,biomass,93.56,334.2,4.94,bad
119.72,1459.9,biomass,94.43,340.6,4.06,bad
137.72,1493.5,biomass,95.42,327.8,5.26,bad
136.61,1476.4,petcoke,98.45,300.6,4.89,bad
115.43,1417.7,biomass,92.78,292.9,4.46,bad
113.98,1491.3,petcoke,95.7,323.0,2.6,bad
124.69,1459.4,coal,94.77,316.6,5.34,bad
110.02,1470.6,RDF,90.37,321.7,5.74,bad
123.02,1494.0,petcoke,94.43,319.7,2.55,bad
127.66,1416.7,petcoke,94.28,371.7,3.95,bad
132.27,1448.9,RDF,94.17,293.4,3.04,bad
119.0,1434.1,RDF,95.16,280.2,5.02,bad
117.96,1403.0,coal,95.38,326.6,4.89,bad
111.22,1460.4,biomass,92.84,312.5,2.56,good
111.73,1525.3,petcoke,101.36,326.3,5.51,bad
117.74,1394.8,biomass,89.15,331.7,2.72,bad
123.67,1449.0,petcoke,91.4,345.7,5.19,bad
129.14,1469.2,coal,108.9,289.9,3.83,bad
111.97,1453.7,RDF,89.81,308.9,3.31,good
134.93,1446.6,coal,88.23,328.6,2.63,good
117.29,1411.0,RDF,98.67,335.4,2.67,bad
119.79,1457.0,biomass,84.61,363.9,4.65,bad
112.53,1427.3,biomass,93.82,339.1,4.2,good
95.76,1384.3,coal,105.73,318.9,2.49,bad
128.84,1485.8,RDF,87.28,302.2,2.45,bad
127.37,1478.8,coal,85.09,308.7,2.29,good
117.19,1451.5,RDF,87.5,308.1,4.98,bad
120.67,1456.9,RDF,99.49,333.1,4.85,bad
125.16,1482.2,biomass,100.62,325.1,2.23,bad
104.37,1456.7,biomass,92.44,293.5,4.24,bad
114.71,1477.1,RDF,98.42,311.3,2.34,good
127.94,1441.1,RDF,101.95,337.6,5.61,bad
107.46,1489.4,RDF,103.94,327.0,5.63,bad
122.94,1459.6,biomass,93.77,331.4,4.79,bad
106.43,1455.8,biomass,83.49,327.7,5.7,bad
124.66,1411.9,petcoke,90.9,352.5,5.25,bad
119.64,1458.6,RDF,92.87,324.7,5.31,bad
103.85,1425.0,petcoke,93.71,312.3,4.28,good
131.65,1430.9,RDF,94.06,301.7,3.22,good
112.65,1425.5,biomass,100.59,325.0,2.87,good
111.9,1418.0,petcoke,101.37,271.2,3.31,bad
122.01,1513.7,petcoke,94.14,316.3,4.51,bad
131.49,1489.9,coal,100.49,315.9,2.69,bad
109.84,1507.6,RDF,96.79,292.7,3.03,bad
120.62,1413.3,biomass,95.32,301.4,3.87,bad
124.29,1452.1,coal,99.53,336.2,2.93,good
126.93,1411.2,coal,95.36,324.6,4.35,bad
121.76,1429.1,RDF,105.29,322.0,5.69,bad
116.33,1422.5,coal,87.81,326.1,4.99,bad
111.72,1487.2,RDF,92.42,321.9,4.67,bad
120.86,1438.1,coal,94.37,344.9,4.33,bad
109.28,1482.1,RDF,97.2,322.5,3.95,bad
90.79,1468.1,biomass,101.34,290.8,2.75,bad
124.37,1519.1,RDF,94.88,352.6,5.58,bad
129.04,1405.6,RDF,87.89,327.4,2.99,bad
96.37,1487.8,petcoke,99.21,308.2,2.37,bad
109.9,1484.4,biomass,98.77,294.9,5.0,bad
126.19,1420.8,biomass,85.29,327.9,2.7,good
140.57,1480.2,biomass,94.98,317.7,3.49,bad
120.21,1460.1,coal,87.05,351.5,2.11,bad
112.72,1443.2,petcoke,91.68,313.1,2.55,good
118.17,1425.3,biomass,90.49,303.3,2.69,good
133.75,1428.4,coal,99.05,337.9,2.22,good
113.54,1511.5,coal,95.58,338.5,4.63,bad
112.01,1450.0,coal,88.57,323.4,5.35,bad
115.17,1473.5,petcoke,99.4,333.5,3.49,good
110.47,1426.3,coal,87.83,319.2,5.5,bad
121.23,1426.6,petcoke,96.65,324.7,2.85,good
136.25,1482.5,RDF,90.93,343.3,3.3,bad
123.23,1409.5,coal,93.17,332.5,2.6,bad
117.48,1437.5,biomass,97.52,316.6,4.48,good
117.08,1451.0,coal,97.61,347.0,3.68,bad
104.37,1453.3,RDF,101.68,272.7,4.45,bad
128.83,1444.6,RDF,94.59,361.0,5.05,bad
119.22,1461.9,coal,96.53,285.9,4.18,bad
118.2,1470.8,RDF,92.81,307.5,4.51,bad
151.93,1472.0,petcoke,95.91,319.2,5.74,bad
122.99,1420.4,petcoke,97.2,317.1,3.2,good
112.48,1441.5,coal,94.51,340.1,3.44,bad
115.74,1485.8,petcoke,85.98,298.8,4.87,bad
131.48,1476.8,petcoke,96.66,325.2,4.45,good
121.13,1408.8,biomass,96.82,308.4,2.71,bad
105.62,1460.5,coal,91.6,325.9,3.5,good
129.19,1390.7,RDF,88.58,318.7,3.87,bad
113.32,1451.4,coal,102.38,321.9,3.68,good
138.73,1506.9,petcoke,97.46,309.0,2.71,bad
130.8,1421.6,biomass,93.85,309.8,5.7,bad
115.53,1425.0,coal,89.31,325.7,5.05,bad
132.81,1472.9,coal,90.89,338.9,3.93,good
120.68,1403.7,petcoke,101.51,308.0,4.72,bad
128.53,1431.0,petcoke,95.69,302.6,5.59,bad
124.85,1467.9,coal,92.25,332.3,2.54,good
111.54,1431.0,petcoke,97.55,319.3,3.0,good
113.56,1442.9,petcoke,90.93,336.6,4.17,good
130.3,1472.3,petcoke,102.5,301.9,5.2,bad
116.65,1462.6,petcoke,101.76,284.4,2.15,bad
115.96,1458.0,petcoke,92.67,309.3,5.94,bad
110.45,1439.8,biomass,91.86,304.7,3.82,good
124.24,1461.1,petcoke,81.91,318.4,3.44,good
140.63,1446.3,RDF,87.59,307.3,3.17,good
109.32,1463.7,coal,88.3,334.8,2.7,good
120.24,1435.1,biomass,95.68,314.2,5.17,bad
134.12,1444.5,biomass,93.37,323.0,5.82,bad
119.2,1420.3,petcoke,88.27,323.2,3.65,good
124.52,1448.9,coal,93.59,323.9,5.81,bad
109.38,1425.7,RDF,97.53,319.5,5.3,bad
124.28,1416.6,petcoke,97.64,330.2,3.92,bad
118.13,1457.8,coal,85.5,304.1,4.7,bad
129.86,1456.4,petcoke,94.36,348.0,3.74,bad
131.87,1473.5,petcoke,88.08,315.3,4.23,good
145.9,1437.1,petcoke,99.51,293.8,2.23,bad
125.8,1462.2,petcoke,98.92,323.8,4.79,bad
123.26,1466.5,petcoke,90.51,303.0,2.21,good
121.94,1463.3,petcoke,91.17,333.3,5.27,bad
116.47,1425.2,petcoke,92.69,364.2,5.3,bad
123.38,1454.5,RDF,83.74,304.3,2.95,good
117.05,1460.9,biomass,96.68,326.6,3.29,good
121.68,1450.2,RDF,93.64,284.9,3.93,bad
133.18,1387.4,petcoke,99.85,329.1,4.39,bad
109.93,1454.8,petcoke,89.51,302.3,3.15,good
131.4,1516.4,RDF,91.9,307.5,4.37,bad
133.17,1439.2,RDF,87.47,298.0,3.19,bad
118.82,1428.2,biomass,89.98,334.6,2.22,good
98.78,1461.2,RDF,89.09,340.1,2.01,bad
113.92,1459.4,biomass,99.98,320.5,2.4,good
132.97,1485.8,petcoke,91.51,302.7,5.17,bad
119.77,1412.3,coal,95.62,351.8,5.85,bad
110.01,1471.9,coal,93.1,305.0,3.71,good
114.95,1467.7,coal,88.65,276.8,4.05,bad
128.41,1445.7,coal,94.16,329.2,2.59,good
125.47,1460.2,petcoke,98.0,297.9,4.2,bad
117.61,1480.9,coal,88.96,339.8,2.58,bad
116.33,1476.2,RDF,99.05,312.4,4.44,good
116.08,1415.7,RDF,90.75,332.1,5.73,bad
110.78,1474.6,coal,92.59,348.0,2.78,bad
136.15,1448.1,RDF,97.65,295.8,5.06,bad
116.78,1452.2,biomass,91.68,308.7,2.09,good
132.17,1452.2,petcoke,95.19,318.5,3.5,good
135.21,1445.5,coal,93.43,350.8,2.44,bad
129.98,1485.8,coal,95.65,306.8,3.41,bad
115.68,1447.5,petcoke,83.1,308.1,2.69,good
124.04,1416.4,RDF,85.85,329.6,3.49,bad
119.76,1438.2,petcoke,98.08,308.5,3.67,good
110.96,1455.4,petcoke,100.19,323.1,3.2,good
123.24,1486.9,RDF,90.45,289.0,4.63,bad
108.21,1468.1,petcoke,93.78,364.3,5.68,bad
131.88,1424.5,RDF,96.47,293.0,3.6,bad
115.35,1524.6,RDF,98.47,313.6,2.77,bad
122.01,1457.9,petcoke,84.86,319.4,3.08,good
122.83,1488.3,biomass,90.57,358.3,5.42,bad
117.41,1445.4,RDF,93.34,293.5,4.29,bad
125.87,1466.0,petcoke,98.52,359.7,3.82,bad
115.25,1475.2,RDF,107.49,335.1,2.6,good
128.71,1486.5,biomass,93.86,328.3,3.8,bad
106.54,1481.7,biomass,87.97,300.3,3.11,bad
121.26,1476.2,coal,97.01,331.4,5.77,bad
139.39,1440.5,RDF,101.6,305.5,5.54,bad
110.0,1432.8,RDF,95.54,345.3,2.34,bad
113.22,1460.0,petcoke,90.47,300.6,4.07,good
125.14,1478.0,RDF,99.79,317.7,2.9,good
121.8,1443.3,coal,98.32,308.9,3.64,good
123.51,1482.0,biomass,89.87,300.2,5.51,bad
124.89,1493.6,biomass,96.91,334.8,4.11,bad
126.35,1422.5,coal,99.99,330.7,3.34,good
131.1,1424.9,RDF,100.91,344.2,2.83,bad
124.1,1445.8,RDF,94.67,284.4,5.2,bad
117.59,1459.2,coal,93.21,341.3,4.5,bad
126.73,1434.3,petcoke,101.14,370.1,3.87,bad
139.0,1490.6,biomass,88.95,311.0,2.87,bad
118.67,1462.7,coal,97.19,357.9,3.34,bad
110.25,1451.2,coal,88.15,314.7,5.84,bad
131.07,1406.9,RDF,100.33,292.6,4.08,bad
118.8,1410.5,biomass,93.71,313.9,3.6,bad
98.27,1458.4,RDF,101.34,341.0,4.09,bad
128.47,1386.0,coal,97.46,303.2,5.12,bad
114.65,1480.4,petcoke,88.88,308.0,3.36,bad
119.09,1445.3,biomass,102.12,331.9,2.71,good
123.32,1547.3,coal,102.76,320.1,4.34,bad
121.9,1519.2,coal,99.41,331.7,4.66,bad
127.09,1444.6,petcoke,91.19,324.8,4.85,bad
115.65,1446.8,coal,93.47,329.6,5.53,bad
125.13,1479.9,coal,95.73,311.4,3.48,good
117.4,1501.1,biomass,91.48,324.6,2.3,bad
127.39,1400.9,biomass,103.46,301.5,5.83,bad
126.15,1396.4,biomass,95.72,345.8,3.74,bad
110.65,1431.3,RDF,81.48,307.3,4.49,good
130.86,1467.5,petcoke,96.7,342.6,4.67,bad
114.64,1464.9,biomass,93.26,315.3,4.19,good
128.08,1482.1,RDF,94.63,324.0,2.82,bad
123.67,1414.0,RDF,93.16,310.1,5.02,bad
138.38,1380.5,petcoke,99.04,299.7,5.22,bad
117.77,1475.7,petcoke,100.6,285.1,4.21,bad
116.51,1425.2,coal,96.42,298.9,3.95,bad
119.81,1389.4,RDF,93.3,313.5,2.46,bad
116.97,1454.4,biomass,94.79,324.2,2.34,good
128.0,1473.8,petcoke,95.1,340.2,3.36,bad
103.84,1446.3,RDF,90.99,311.1,3.24,good
109.46,1436.3,biomass,97.89,302.4,5.81,bad
109.32,1445.2,RDF,97.3,291.1,5.13,bad
129.5,1438.9,petcoke,102.7,329.6,4.64,bad
137.11,1409.6,coal,101.28,347.7,4.07,bad
118.96,1428.6,RDF,91.57,345.3,2.67,bad
118.31,1465.6,biomass,99.1,334.2,5.91,bad
120.7,1459.7,petcoke,90.25,332.8,3.5,good
131.62,1455.0,coal,98.48,354.0,2.43,bad
110.73,1420.1,biomass,92.42,326.6,3.98,good
122.38,1444.6,biomass,89.88,332.9,5.5,bad
129.75,1384.7,biomass,96.4,313.6,5.55,bad
125.01,1455.4,RDF,81.63,292.8,2.04,bad
121.9,1492.9,petcoke,86.25,306.3,5.55,bad
130.01,1405.8,biomass,94.11,319.8,3.09,bad
92.97,1432.4,RDF,95.41,321.2,2.16,good
126.78,1459.9,petcoke,93.15,358.5,5.39,bad
113.46,1487.6,petcoke,87.1,321.6,5.46,bad
101.69,1436.6,RDF,90.91,343.6,4.38,bad
125.11,1429.2,RDF,96.96,311.3,4.3,good
133.74,1390.9,biomass,97.91,313.8,5.25,bad
118.63,1453.1,petcoke,94.92,293.4,5.15,bad
129.53,1511.3,coal,100.78,305.2,5.56,bad
136.12,1458.3,RDF,96.99,330.5,4.21,good
133.15,1449.3,petcoke,91.26,320.2,5.87,bad
136.4,1459.7,petcoke,93.6,338.9,5.98,bad
127.42,1449.7,biomass,87.99,323.6,2.47,good
120.75,1425.6,coal,94.46,313.0,5.4,bad
103.98,1474.7,biomass,100.56,363.0,4.0,bad
117.54,1456.8,coal,98.43,318.1,3.55,good
111.57,1450.5,coal,102.01,343.3,4.45,bad
141.71,1420.7,RDF,93.49,312.0,2.22,good
118.24,1489.1,petcoke,101.73,334.2,4.03,bad
121.23,1469.9,petcoke,94.03,338.6,5.48,bad
125.51,1433.4,petcoke,102.36,324.2,2.85,good
120.44,1480.1,coal,94.89,272.9,3.71,bad
136.95,1435.1,petcoke,98.54,320.4,5.76,bad
113.77,1426.5,RDF,102.38,344.6,3.71,bad
121.95,1427.2,coal,94.03,330.5,3.43,good
112.58,1396.9,coal,96.09,328.9,3.76,bad
106.8,1464.1,coal,101.44,285.6,4.08,bad
113.88,1395.1,coal,94.33,305.6,4.53,bad
119.63,1413.1,RDF,88.4,328.2,5.2,bad
115.71,1387.7,petcoke,105.72,328.2,3.81,bad
113.08,1447.4,RDF,92.65,344.3,5.27,bad
105.94,1445.5,petcoke,95.79,317.1,4.13,good
119.17,1440.2,RDF,100.78,328.1,3.35,good
104.95,1418.7,biomass,91.96,320.3,4.63,bad
127.6,1414.8,biomass,89.96,300.3,4.87,bad
120.82,1463.9,biomass,96.27,274.9,4.23,bad
105.42,1433.5,biomass,86.03,328.6,2.23,good
116.91,1459.5,coal,93.56,323.5,2.68,good
112.48,1423.4,coal,96.23,307.6,3.14,good
123.19,1455.4,RDF,93.65,287.6,3.13,bad
133.4,1489.1,RDF,87.28,332.6,4.69,bad
101.25,1467.6,biomass,102.97,314.7,2.07,good
121.15,1437.6,petcoke,95.52,331.1,5.02,bad
118.4,1457.7,biomass,102.16,357.3,3.06,bad
126.71,1442.8,RDF,93.7,277.2,3.24,bad
122.13,1450.2,biomass,90.6,306.0,4.11,good
112.48,1440.2,RDF,96.35,315.8,2.86,good
116.81,1445.1,biomass,93.92,349.1,5.54,bad
112.04,1456.4,petcoke,89.11,287.3,2.34,bad
130.76,1420.2,biomass,102.35,358.7,3.78,bad
120.21,1419.5,petcoke,91.89,322.7,5.4,bad
139.01,1408.3,petcoke,85.8,318.1,4.46,bad
119.39,1402.0,RDF,101.64,316.0,3.17,bad
112.92,1413.5,petcoke,92.48,311.3,3.68,bad
104.86,1454.8,coal,91.96,341.0,4.83,bad
101.97,1423.2,coal,86.17,298.6,5.89,bad
104.16,1465.4,coal,103.7,326.9,5.57,bad
122.67,1451.0,RDF,88.55,312.3,3.37,good
125.09,1390.9,coal,95.29,304.8,5.99,bad
104.19,1469.6,RDF,99.56,371.7,2.01,bad
128.95,1474.3,RDF,97.11,328.4,2.11,good
115.17,1420.2,coal,94.7,332.3,5.3,bad
121.47,1462.6,petcoke,86.49,342.8,2.8,bad
136.12,1424.3,biomass,90.95,291.6,2.24,bad
128.97,1452.9,RDF,95.94,355.0,2.95,bad
117.31,1412.1,coal,91.06,269.8,3.7,bad
111.09,1396.2,RDF,96.02,304.6,4.92,bad
98.48,1438.5,petcoke,98.41,310.8,4.5,bad
112.81,1446.3,petcoke,99.81,331.6,2.95,good
117.89,1438.1,coal,88.87,324.4,4.01,good
110.13,1414.5,RDF,105.98,316.7,5.7,bad
118.69,1438.0,biomass,98.84,319.8,5.26,bad
120.77,1458.1,biomass,94.99,300.4,3.29,good
117.75,1448.7,RDF,100.45,290.1,5.93,bad
113.5,1455.5,RDF,106.83,334.5,4.83,bad
121.69,1429.9,RDF,87.81,333.9,2.25,good
124.42,1485.2,coal,93.87,351.7,2.14,bad
109.1,1414.7,petcoke,83.11,304.2,2.67,bad
134.11,1464.6,biomass,95.96,333.9,4.91,bad
119.01,1485.5,coal,96.83,314.3,2.73,bad
120.19,1464.4,RDF,94.8,343.8,4.05,bad
127.08,1443.9,RDF,91.73,340.4,2.37,bad
122.33,1434.2,petcoke,84.75,324.2,5.68,bad
129.53,1481.1,RDF,96.87,313.2,3.38,bad
122.87,1407.3,coal,102.28,339.2,5.63,bad
113.88,1420.9,coal,92.04,332.9,5.78,bad
123.62,1438.1,petcoke,97.2,306.3,2.02,good
108.56,1487.1,coal,87.16,293.4,3.86,bad
121.09,1461.4,biomass,97.29,314.2,2.1,good
119.67,1421.0,coal,93.03,350.3,5.63,bad
117.92,1440.7,coal,91.19,342.9,4.07,bad
118.71,1431.6,coal,91.2,297.8,2.3,bad
101.18,1428.7,biomass,93.03,296.6,2.44,bad
114.51,1479.4,RDF,96.91,345.5,3.53,bad
120.93,1408.8,coal,88.44,297.3,5.76,bad
121.6,1498.3,petcoke,93.01,330.2,4.77,bad
109.72,1474.8,biomass,94.79,307.7,5.47,bad
132.66,1482.7,petcoke,89.5,352.3,3.47,bad
111.34,1436.1,coal,103.98,304.6,2.17,good
129.69,1445.5,petcoke,90.73,342.9,5.9,bad
124.27,1407.0,coal,91.65,323.7,2.07,bad
113.54,1434.3,biomass,90.11,325.0,5.79,bad
137.75,1464.8,petcoke,103.99,280.6,3.47,bad
108.06,1488.9,petcoke,97.76,275.9,2.04,bad
129.19,1416.8,coal,90.32,315.6,4.76,bad
130.01,1439.0,coal,100.53,324.9,5.92,bad
113.29,1445.5,RDF,96.0,297.5,5.86,bad
133.92,1408.1,coal,96.29,298.2,2.64,bad
117.5,1467.7,coal,93.28,331.2,2.72,good
122.89,1428.3,RDF,91.25,331.3,4.26,good
122.6,1444.1,coal,96.69,317.2,4.55,bad
118.66,1436.4,coal,92.27,335.6,4.96,bad
128.11,1426.3,RDF,104.08,296.5,2.72,bad
127.93,1449.8,biomass,88.65,312.9,5.84,bad
102.51,1443.5,biomass,102.68,353.0,4.55,bad
133.04,1438.8,coal,94.44,321.4,5.39,bad
103.38,1428.1,coal,96.5,322.5,4.16,good
130.33,1459.6,RDF,99.17,366.1,3.66,bad
131.27,1499.6,RDF,91.85,292.0,5.91,bad
109.09,1454.2,biomass,99.32,335.9,4.33,good
115.89,1479.9,petcoke,81.46,353.3,5.47,bad
108.94,1408.3,coal,91.4,313.5,5.81,bad
117.85,1454.7,petcoke,90.38,337.2,4.7,bad
116.92,1417.1,petcoke,88.73,300.4,4.2,bad
127.8,1405.7,RDF,93.93,306.3,2.01,bad
133.1,1427.8,coal,96.93,327.7,2.16,good
133.96,1485.8,coal,98.51,336.0,2.8,bad
114.38,1478.5,RDF,96.2,342.4,2.74,bad
117.91,1457.3,petcoke,91.67,351.4,3.02,bad
103.17,1404.0,RDF,96.85,318.7,3.22,bad
111.94,1444.1,biomass,95.62,343.9,3.44,bad
129.65,1459.1,coal,99.68,313.2,3.68,good
136.16,1455.3,biomass,98.88,338.0,2.4,good
107.66,1394.7,RDF,95.15,324.1,2.17,bad
114.08,1423.3,coal,90.51,328.9,4.7,bad
119.74,1448.1,biomass,91.74,328.5,4.15,good
122.8,1466.1,biomass,92.25,287.9,3.78,bad
111.9,1384.1,petcoke,93.42,297.5,4.54,bad
124.24,1445.1,coal,96.34,322.1,5.31,bad
115.26,1454.3,biomass,98.58,286.3,3.71,bad
119.86,1475.5,biomass,94.74,336.6,4.56,bad
125.46,1470.8,petcoke,95.08,337.4,5.81,bad
120.06,1467.5,biomass,95.72,326.5,5.36,bad
115.64,1426.0,biomass,92.42,297.6,3.7,bad
118.9,1392.8,biomass,90.37,347.6,4.58,bad
119.12,1438.2,petcoke,86.22,360.7,2.71,bad
116.3,1480.0,biomass,91.52,322.9,4.24,bad
117.41,1491.8,biomass,97.37,330.2,5.93,bad
135.99,1471.3,coal,91.49,324.0,4.07,good
125.61,1462.9,coal,93.81,330.6,5.71,bad
117.05,1461.4,petcoke,97.33,317.6,3.63,good
126.97,1433.3,RDF,97.6,319.3,6.0,bad
116.66,1446.1,coal,89.6,338.1,4.32,good
131.73,1500.1,petcoke,99.99,366.9,2.17,bad
123.7,1421.7,biomass,100.64,292.0,4.35,bad
118.93,1498.4,biomass,89.35,317.9,3.1,bad
124.48,1440.3,petcoke,90.88,296.4,2.13,bad
104.29,1489.8,biomass,100.96,351.8,5.28,bad
108.73,1407.8,biomass,94.27,308.2,3.1,bad
108.06,1467.6,RDF,83.9,291.1,5.19,bad
121.43,1427.9,biomass,88.0,332.8,3.15,good
137.33,1407.5,coal,93.75,354.9,2.78,bad
142.31,1456.6,biomass,89.18,333.3,5.9,bad
126.38,1480.3,petcoke,92.93,324.1,3.45,bad
125.01,1424.7,RDF,95.16,328.2,4.41,good
101.99,1405.0,biomass,102.31,348.3,4.44,bad
114.57,1447.2,petcoke,93.55,302.5,4.24,good
112.12,1447.4,coal,100.36,317.8,5.66,bad
113.79,1466.4,biomass,102.14,310.9,4.7,bad
118.32,1478.5,RDF,102.17,296.6,3.61,bad
115.28,1448.2,biomass,96.42,313.4,5.45,bad
100.21,1505.7,petcoke,85.18,342.2,2.72,bad
127.48,1456.7,RDF,97.3,331.3,4.18,good
109.27,1439.6,biomass,100.24,332.9,5.8,bad
122.39,1401.7,coal,94.59,322.9,4.5,bad
140.74,1442.1,RDF,103.72,330.5,5.27,bad
110.81,1439.9,coal,99.3,304.0,4.61,bad
94.7,1478.8,petcoke,97.84,313.8,5.36,bad
117.14,1463.9,biomass,100.43,323.8,5.78,bad
131.01,1414.6,coal,96.67,325.6,3.09,bad
139.58,1455.2,petcoke,82.54,326.4,2.68,good
107.7,1470.1,biomass,92.5,317.2,3.94,good
124.97,1495.8,petcoke,100.99,312.5,4.81,bad
115.35,1476.6,coal,90.96,383.2,2.91,bad
118.94,1472.8,petcoke,93.88,338.1,2.02,good
146.44,1451.8,RDF,89.78,328.3,3.37,good
104.97,1461.6,biomass,103.92,315.3,5.88,bad
122.54,1487.5,petcoke,103.41,311.0,4.78,bad
124.68,1410.0,coal,90.58,317.4,3.61,bad
130.86,1439.5,biomass,95.74,325.9,2.77,good
120.98,1426.8,RDF,91.6,282.4,3.42,bad
123.08,1461.4,biomass,98.07,288.6,2.68,bad
116.08,1486.9,RDF,97.55,307.3,2.43,bad
122.69,1432.1,biomass,99.06,324.1,5.63,bad
116.57,1378.3,petcoke,96.66,315.2,5.99,bad
126.22,1437.6,petcoke,109.68,349.6,2.66,bad
116.3,1477.4,coal,89.86,290.4,2.22,bad
123.77,1466.1,RDF,86.45,305.0,3.32,good
119.71,1462.8,coal,93.03,350.4,3.85,bad
131.26,1441.6,petcoke,87.16,322.6,2.82,good
119.49,1411.6,RDF,87.54,337.7,3.21,bad
102.27,1465.5,coal,89.99,361.0,2.8,bad
132.62,1425.0,coal,90.39,306.1,5.1,bad
110.94,1515.5,coal,90.23,318.0,4.85,bad
113.46,1467.1,coal,97.59,314.6,4.54,bad
114.04,1432.6,coal,92.47,280.9,3.55,bad
133.74,1431.7,RDF,94.1,313.8,5.64,bad
98.64,1447.2,coal,99.47,337.6,5.88,bad
151.38,1442.8,RDF,91.17,330.8,2.69,good
130.56,1483.5,coal,93.68,332.4,2.89,bad
122.23,1455.6,petcoke,96.83,312.5,4.1,good
119.45,1428.1,petcoke,85.29,306.9,2.37,good
122.86,1506.7,coal,83.08,345.4,3.75,bad
125.21,1451.5,biomass,96.73,310.1,4.33,good
126.45,1473.1,petcoke,97.46,325.9,4.09,good
125.56,1431.8,RDF,105.32,323.3,3.32,good
120.9,1460.9,coal,95.79,349.2,4.17,bad
118.03,1459.3,RDF,99.1,339.4,5.84,bad
118.49,1393.3,biomass,94.02,294.1,2.82,bad
118.05,1510.5,coal,96.49,296.2,4.62,bad
131.34,1488.7,petcoke,103.34,331.6,2.17,bad
125.94,1438.1,RDF,84.38,318.7,2.27,good
90.6,1416.9,petcoke,97.07,310.9,4.21,bad
126.56,1460.4,petcoke,105.68,340.3,2.42,bad
121.95,1452.6,coal,96.41,323.7,2.09,good
119.81,1460.7,RDF,103.25,321.0,2.69,good
116.11,1455.7,biomass,91.85,335.6,4.26,good
131.24,1465.2,petcoke,94.84,312.5,4.81,bad
129.48,1493.4,coal,95.17,351.4,2.81,bad
112.27,1467.0,coal,83.91,304.2,4.67,bad
124.07,1418.5,biomass,89.16,333.1,2.73,bad
110.28,1490.9,coal,89.52,348.7,4.45,bad
106.2,1499.2,petcoke,99.11,292.5,3.65,bad
113.73,1544.6,coal,99.36,313.1,4.62,bad
128.62,1416.3,RDF,96.62,342.8,5.98,bad
129.53,1457.3,RDF,99.12,343.1,5.75,bad
125.13,1387.5,petcoke,94.18,316.6,2.02,bad
127.25,1466.6,RDF,101.01,305.3,5.54,bad
125.16,1433.6,biomass,95.04,339.1,2.27,good
113.59,1507.7,coal,95.29,343.7,5.81,bad
124.32,1426.8,petcoke,93.67,296.7,3.13,bad
128.0,1399.3,biomass,98.42,295.9,3.53,bad
127.54,1435.9,coal,92.89,324.5,2.37,good
131.89,1390.7,biomass,99.88,332.6,2.45,bad
127.08,1472.5,petcoke,89.34,314.0,4.91,bad
123.51,1388.0,petcoke,89.51,333.6,5.78,bad
130.7,1450.9,biomass,98.44,305.8,4.44,good
119.73,1387.7,coal,94.56,277.7,4.86,bad
111.18,1440.4,RDF,92.73,311.5,5.05,bad
118.37,1499.3,RDF,99.45,321.3,3.05,bad
112.55,1460.8,biomass,91.96,314.5,2.18,good
